{
	"credit": "Vanilla Additions Resource Pack by JustTimm - https://twitter.com/JT_Additions",
	"parent": "block/template_trapdoor_bottom",
	"textures": {
		"0": "block/iron_trapdoor",
		"1": "block/fixes/iron_trapdoor2",
		"2": "block/fixes/iron_trapdoor3",
		"particle": "block/iron_trapdoor"
	},
	"elements": [
		{
			"from": [3, 13, 0],
			"to": [13, 16, 3],
			"faces": {
				"north": {"uv": [3, 13, 13, 16], "rotation": 180, "texture": "#1"},
				"south": {"uv": [3, 0, 13, 3], "rotation": 180, "texture": "#1"},
				"up": {"uv": [3, 0, 13, 3], "texture": "#0"},
				"down": {"uv": [3, 0, 13, 3], "rotation": 180, "texture": "#1"}
			}
		},
		{
			"from": [3, 13, 13],
			"to": [13, 16, 16],
			"faces": {
				"north": {"uv": [3, 13, 13, 16], "texture": "#1"},
				"south": {"uv": [3, 13, 13, 16], "rotation": 180, "texture": "#1"},
				"up": {"uv": [3, 13, 13, 16], "texture": "#0"},
				"down": {"uv": [3, 13, 13, 16], "rotation": 180, "texture": "#1"}
			}
		},
		{
			"from": [0, 13, 0],
			"to": [3, 16, 16],
			"faces": {
				"north": {"uv": [0, 13, 3, 16], "rotation": 180, "texture": "#1"},
				"east": {"uv": [13, 0, 16, 16], "rotation": 90, "texture": "#1"},
				"south": {"uv": [13, 13, 16, 16], "rotation": 180, "texture": "#1"},
				"west": {"uv": [0, 13, 16, 16], "rotation": 180, "texture": "#1"},
				"up": {"uv": [0, 0, 3, 16], "texture": "#0"},
				"down": {"uv": [13, 0, 16, 16], "rotation": 180, "texture": "#1"}
			}
		},
		{
			"from": [13, 13, 0],
			"to": [16, 16, 16],
			"faces": {
				"north": {"uv": [13, 13, 16, 16], "rotation": 180, "texture": "#1"},
				"east": {"uv": [0, 13, 16, 16], "rotation": 180, "texture": "#1"},
				"south": {"uv": [0, 13, 3, 16], "rotation": 180, "texture": "#1"},
				"west": {"uv": [0, 0, 3, 16], "rotation": 270, "texture": "#1"},
				"up": {"uv": [13, 0, 16, 16], "texture": "#0"},
				"down": {"uv": [0, 0, 3, 16], "rotation": 180, "texture": "#1"}
			}
		},
		{
			"from": [6, 13, 3],
			"to": [10, 16, 13],
			"faces": {
				"east": {"uv": [7, 3, 10, 13], "rotation": 270, "texture": "#2"},
				"west": {"uv": [6, 3, 9, 13], "rotation": 90, "texture": "#2"},
				"up": {"uv": [6, 3, 10, 13], "texture": "#0"},
				"down": {"uv": [6, 3, 10, 13], "rotation": 180, "texture": "#1"}
			}
		},
		{
			"from": [3, 13, 6],
			"to": [6, 16, 10],
			"faces": {
				"north": {"uv": [10, 6, 13, 9], "texture": "#1"},
				"south": {"uv": [10, 7, 13, 10], "rotation": 180, "texture": "#1"},
				"up": {"uv": [3, 6, 6, 10], "texture": "#0"},
				"down": {"uv": [10, 6, 13, 10], "rotation": 180, "texture": "#1"}
			}
		},
		{
			"from": [10, 13, 6],
			"to": [13, 16, 10],
			"faces": {
				"north": {"uv": [3, 6, 6, 9], "texture": "#1"},
				"south": {"uv": [10, 7, 13, 10], "rotation": 180, "texture": "#0"},
				"up": {"uv": [10, 6, 13, 10], "texture": "#0"},
				"down": {"uv": [10, 6, 13, 10], "texture": "#1"}
			}
		}
	],
	"display": {
		"thirdperson_righthand": {
			"rotation": [75, 45, 0],
			"translation": [0, 2.5, 2],
			"scale": [0.375, 0.375, 0.375]
		},
		"firstperson_righthand": {
			"rotation": [0, 45, 0],
			"translation": [0, 4.2, 0],
			"scale": [0.4, 0.4, 0.4]
		},
		"firstperson_lefthand": {
			"rotation": [0, 225, 0],
			"translation": [0, 4.2, 0],
			"scale": [0.4, 0.4, 0.4]
		},
		"gui": {
			"rotation": [30, 225, 0],
			"scale": [0.625, 0.625, 0.625]
		},
		"head": {
			"scale": [0, 0, 0]
		},
		"fixed": {
			"scale": [0.5, 0.5, 0.5]
		}
	}
}