{
	"credit": "Vanilla Additions Resource Pack by JustTimm - https://twitter.com/JT_Additions",
	"parent": "block/template_trapdoor_bottom",
	"textures": {
		"0": "block/jungle_trapdoor",
		"1": "block/fixes/jungle_trapdoor2",
		"2": "block/fixes/jungle_trapdoor3",
		"particle": "block/jungle_trapdoor"
	},
	"elements": [
		{
			"from": [0, 0, 0],
			"to": [16, 3, 4],
			"faces": {
				"north": {"uv": [0, 0, 16, 3], "texture": "#0"},
				"east": {"uv": [12, 0, 16, 3], "texture": "#0"},
				"south": {"uv": [0, 13, 16, 16], "texture": "#2"},
				"west": {"uv": [0, 0, 4, 3], "texture": "#0"},
				"up": {"uv": [0, 12, 16, 16], "rotation": 180, "texture": "#1"},
				"down": {"uv": [0, 12, 16, 16], "texture": "#1"}
			}
		},
		{
			"from": [0, 0, 13],
			"to": [16, 3, 16],
			"faces": {
				"north": {"uv": [0, 0, 16, 3], "rotation": 180, "texture": "#0"},
				"east": {"uv": [0, 0, 3, 3], "texture": "#0"},
				"south": {"uv": [0, 0, 16, 3], "texture": "#0"},
				"west": {"uv": [13, 0, 16, 3], "texture": "#0"},
				"up": {"uv": [0, 0, 16, 3], "rotation": 180, "texture": "#1"},
				"down": {"uv": [0, 0, 16, 3], "texture": "#1"}
			}
		},
		{
			"from": [0, 0, 4],
			"to": [3, 3, 13],
			"faces": {
				"north": {"uv": [0, 3, 3, 6], "rotation": 180, "texture": "#0"},
				"east": {"uv": [0, 3, 3, 12], "rotation": 270, "texture": "#0"},
				"south": {"uv": [0, 3, 3, 6], "texture": "#0"},
				"west": {"uv": [4, 0, 13, 3], "texture": "#0"},
				"up": {"uv": [13, 3, 16, 12], "rotation": 180, "texture": "#1"},
				"down": {"uv": [0, 3, 3, 12], "texture": "#1"}
			}
		},
		{
			"from": [13, 0, 4],
			"to": [16, 3, 13],
			"faces": {
				"north": {"uv": [0, 9, 3, 12], "texture": "#0"},
				"east": {"uv": [3, 0, 12, 3], "texture": "#0"},
				"south": {"uv": [0, 9, 3, 12], "rotation": 180, "texture": "#0"},
				"west": {"uv": [13, 3, 16, 12], "rotation": 90, "texture": "#0"},
				"up": {"uv": [0, 3, 3, 12], "rotation": 180, "texture": "#1"},
				"down": {"uv": [13, 3, 16, 12], "texture": "#1"}
			}
		},
		{
			"from": [3, 0, 7],
			"to": [13, 3, 9],
			"faces": {
				"north": {"uv": [3, 8, 13, 9], "texture": "#0"},
				"east": {"uv": [3, 7, 4, 9], "rotation": 270, "texture": "#0"},
				"south": {"uv": [3, 7, 13, 8], "texture": "#0"},
				"west": {"uv": [12, 7, 13, 9], "texture": "#0"},
				"up": {"uv": [3, 7, 13, 9], "rotation": 180, "texture": "#1"},
				"down": {"uv": [3, 7, 13, 9], "texture": "#0"}
			}
		},
		{
			"from": [12, 0, 4],
			"to": [13, 3, 7],
			"faces": {
				"north": {"uv": [3, 11, 4, 12], "texture": "#0"},
				"east": {"uv": [3, 9, 4, 12], "rotation": 270, "texture": "#0"},
				"south": {"uv": [3, 9, 4, 10], "texture": "#0"},
				"west": {"uv": [3, 9, 4, 12], "rotation": 90, "texture": "#0"},
				"up": {"uv": [3, 9, 4, 12], "rotation": 180, "texture": "#1"},
				"down": {"uv": [3, 9, 4, 12], "texture": "#0"}
			}
		},
		{
			"from": [3, 0, 4],
			"to": [4, 3, 7],
			"faces": {
				"north": {"uv": [12, 11, 13, 12], "texture": "#0"},
				"east": {"uv": [12, 9, 13, 12], "rotation": 270, "texture": "#0"},
				"south": {"uv": [12, 9, 13, 10], "texture": "#0"},
				"west": {"uv": [12, 9, 13, 12], "rotation": 90, "texture": "#0"},
				"up": {"uv": [12, 9, 13, 12], "rotation": 180, "texture": "#1"},
				"down": {"uv": [12, 9, 13, 12], "texture": "#0"}
			}
		},
		{
			"from": [11, 0, 4],
			"to": [12, 3, 5],
			"faces": {
				"north": {"uv": [4, 11, 5, 12], "texture": "#1"},
				"east": {"uv": [4, 11, 5, 12], "texture": "#1"},
				"south": {"uv": [4, 11, 5, 12], "texture": "#1"},
				"west": {"uv": [4, 11, 5, 12], "texture": "#1"},
				"up": {"uv": [4, 11, 5, 12], "texture": "#1"},
				"down": {"uv": [4, 11, 5, 12], "texture": "#1"}
			}
		},
		{
			"from": [4, 0, 4],
			"to": [5, 3, 5],
			"faces": {
				"north": {"uv": [11, 11, 12, 12], "texture": "#1"},
				"east": {"uv": [11, 11, 12, 12], "texture": "#1"},
				"south": {"uv": [11, 11, 12, 12], "texture": "#1"},
				"west": {"uv": [11, 11, 12, 12], "texture": "#1"},
				"up": {"uv": [11, 11, 12, 12], "texture": "#1"},
				"down": {"uv": [11, 11, 12, 12], "texture": "#1"}
			}
		},
		{
			"from": [3, 0, 12],
			"to": [5, 3, 13],
			"faces": {
				"north": {"uv": [11, 3, 13, 4], "texture": "#0"},
				"east": {"uv": [11, 3, 12, 4], "texture": "#0"},
				"south": {"uv": [11, 3, 13, 4], "rotation": 180, "texture": "#0"},
				"west": {"uv": [12, 3, 13, 4], "texture": "#0"},
				"up": {"uv": [11, 3, 13, 4], "rotation": 180, "texture": "#1"},
				"down": {"uv": [11, 3, 13, 4], "rotation": 180, "texture": "#0"}
			}
		},
		{
			"from": [11, 0, 12],
			"to": [13, 3, 13],
			"faces": {
				"north": {"uv": [3, 3, 5, 4], "texture": "#0"},
				"east": {"uv": [3, 3, 4, 4], "texture": "#0"},
				"south": {"uv": [3, 3, 5, 4], "rotation": 180, "texture": "#0"},
				"west": {"uv": [4, 3, 5, 4], "texture": "#0"},
				"up": {"uv": [3, 3, 5, 4], "rotation": 180, "texture": "#1"},
				"down": {"uv": [3, 3, 5, 4], "rotation": 180, "texture": "#0"}
			}
		},
		{
			"from": [3, 0, 11],
			"to": [4, 3, 12],
			"faces": {
				"north": {"uv": [12, 4, 13, 5], "texture": "#1"},
				"east": {"uv": [12, 4, 13, 5], "texture": "#1"},
				"south": {"uv": [12, 4, 13, 5], "texture": "#1"},
				"west": {"uv": [12, 4, 13, 5], "texture": "#1"},
				"up": {"uv": [12, 4, 13, 5], "texture": "#1"},
				"down": {"uv": [12, 4, 13, 5], "texture": "#1"}
			}
		},
		{
			"from": [12, 0, 11],
			"to": [13, 3, 12],
			"faces": {
				"north": {"uv": [3, 4, 4, 5], "texture": "#1"},
				"east": {"uv": [3, 4, 4, 5], "texture": "#1"},
				"south": {"uv": [3, 4, 4, 5], "texture": "#1"},
				"west": {"uv": [3, 4, 4, 5], "texture": "#1"},
				"up": {"uv": [3, 4, 4, 5], "texture": "#1"},
				"down": {"uv": [3, 4, 4, 5], "texture": "#1"}
			}
		},
		{
			"from": [9, 0, 9],
			"to": [10, 3, 13],
			"faces": {
				"north": {"uv": [6, 6, 7, 7], "texture": "#0"},
				"east": {"uv": [6, 3, 7, 7], "rotation": 90, "texture": "#0"},
				"south": {"uv": [6, 3, 7, 4], "texture": "#0"},
				"west": {"uv": [6, 3, 7, 7], "rotation": 90, "texture": "#0"},
				"up": {"uv": [6, 3, 7, 7], "rotation": 180, "texture": "#1"},
				"down": {"uv": [6, 3, 7, 7], "rotation": 180, "texture": "#0"}
			}
		},
		{
			"from": [6, 0, 9],
			"to": [7, 3, 13],
			"faces": {
				"north": {"uv": [9, 3, 10, 4], "texture": "#0"},
				"east": {"uv": [9, 3, 10, 7], "rotation": 90, "texture": "#0"},
				"south": {"uv": [9, 6, 10, 7], "texture": "#0"},
				"west": {"uv": [9, 3, 10, 7], "rotation": 90, "texture": "#0"},
				"up": {"uv": [9, 3, 10, 7], "rotation": 180, "texture": "#1"},
				"down": {"uv": [9, 3, 10, 7], "texture": "#0"}
			}
		},
		{
			"from": [6, 0, 4],
			"to": [7, 3, 7],
			"faces": {
				"north": {"uv": [6, 11, 7, 12], "texture": "#0"},
				"east": {"uv": [6, 9, 7, 12], "rotation": 270, "texture": "#0"},
				"south": {"uv": [6, 9, 7, 10], "texture": "#0"},
				"west": {"uv": [6, 9, 7, 12], "rotation": 90, "texture": "#0"},
				"up": {"uv": [9, 9, 10, 12], "rotation": 180, "texture": "#1"},
				"down": {"uv": [6, 9, 7, 12], "texture": "#0"}
			}
		},
		{
			"from": [9, 0, 4],
			"to": [10, 3, 7],
			"faces": {
				"north": {"uv": [9, 11, 10, 12], "texture": "#0"},
				"east": {"uv": [9, 9, 10, 12], "rotation": 270, "texture": "#0"},
				"south": {"uv": [9, 9, 10, 10], "texture": "#0"},
				"west": {"uv": [9, 9, 10, 12], "rotation": 90, "texture": "#0"},
				"up": {"uv": [6, 9, 7, 12], "rotation": 180, "texture": "#1"},
				"down": {"uv": [9, 9, 10, 12], "texture": "#0"}
			}
		}
	],
	"display": {
		"thirdperson_righthand": {
			"rotation": [75, 45, 0],
			"translation": [0, 2.5, 2],
			"scale": [0.375, 0.375, 0.375]
		},
		"firstperson_righthand": {
			"rotation": [0, 45, 0],
			"translation": [0, 4.2, 0],
			"scale": [0.4, 0.4, 0.4]
		},
		"firstperson_lefthand": {
			"rotation": [0, 225, 0],
			"translation": [0, 4.2, 0],
			"scale": [0.4, 0.4, 0.4]
		},
		"gui": {
			"rotation": [30, 225, 0],
			"scale": [0.625, 0.625, 0.625]
		},
		"head": {
			"scale": [0, 0, 0]
		},
		"fixed": {
			"scale": [0.5, 0.5, 0.5]
		}
	}
}