{
	"credit": "Vanilla Additions Resource Pack by JustTimm - https://twitter.com/JT_Additions",
	"textures": {
		"0": "block/red_sandstone",
		"1": "block/red_sandstone_top",
		"2": "block/red_sandstone_bottom",
		"particle": "block/red_sandstone"
	},
	"elements": [
		{
			"name": "wall",
			"from": [5, 0, 0],
			"to": [11, 14, 8],
			"faces": {
				"north": {"uv": [5, 0, 11, 14], "texture": "#0", "cullface": "north"},
				"east": {"uv": [8, 0, 16, 14], "texture": "#0"},
				"west": {"uv": [0, 0, 8, 14], "texture": "#0"},
				"up": {"uv": [5, 0, 11, 8], "texture": "#1"},
				"down": {"uv": [5, 8, 11, 16], "texture": "#2", "cullface": "down"}
			}
		}
	]
}