{
	"credit": "Vanilla Additions Resource Pack by JustTimm - https://twitter.com/JT_Additions",
	"ambientocclusion": false,
	"textures": {
		"0": "block/redstone_dust_line1",
		"particle": "block/redstone_dust_line1"
	},
	"elements": [
		{
			"name": "redstone_dust_line1_0",
			"from": [8, 0, 0],
			"to": [9, 0.5, 1],
			"faces": {
				"north": {"uv": [9, 0, 8, 1], "texture": "#0","tintindex":0},
				"east": {"uv": [8, 0, 9, 1], "rotation": 90, "texture": "#0"},
				"south": {"uv": [8, 0, 9, 1], "texture": "#0","tintindex":0},
				"west": {"uv": [8, 0, 9, 1], "rotation": 270, "texture": "#0","tintindex":0},
				"up": {"uv": [8, 0, 9, 1], "texture": "#0","tintindex":0},
				"down": {"uv": [8, 1, 9, 0], "texture": "#0","tintindex":0}
			}
		},
		{
			"name": "redstone_dust_line1_1",
			"from": [8, 0, 2],
			"to": [9, 0.5, 4],
			"faces": {
				"north": {"uv": [9, 2, 8, 3], "texture": "#0","tintindex":0},
				"east": {"uv": [8, 2, 9, 4], "rotation": 90, "texture": "#0","tintindex":0},
				"south": {"uv": [8, 3, 9, 4], "texture": "#0","tintindex":0},
				"west": {"uv": [8, 2, 9, 4], "rotation": 270, "texture": "#0","tintindex":0},
				"up": {"uv": [8, 2, 9, 4], "texture": "#0","tintindex":0},
				"down": {"uv": [8, 4, 9, 2], "texture": "#0","tintindex":0}
			}
		},
		{
			"name": "redstone_dust_line1_2",
			"from": [7, 0, 3],
			"to": [8, 0.5, 5],
			"faces": {
				"north": {"uv": [8, 3, 7, 4], "texture": "#0","tintindex":0},
				"east": {"uv": [7, 3, 8, 5], "rotation": 90, "texture": "#0","tintindex":0},
				"south": {"uv": [7, 4, 8, 5], "texture": "#0","tintindex":0},
				"west": {"uv": [7, 3, 8, 5], "rotation": 270, "texture": "#0","tintindex":0},
				"up": {"uv": [7, 3, 8, 5], "texture": "#0","tintindex":0},
				"down": {"uv": [7, 5, 8, 3], "texture": "#0","tintindex":0}
			}
		},
		{
			"name": "redstone_dust_line1_3",
			"from": [9, 0, 4],
			"to": [10, 0.5, 7],
			"faces": {
				"north": {"uv": [10, 4, 9, 5], "texture": "#0","tintindex":0},
				"east": {"uv": [9, 4, 10, 7], "rotation": 90, "texture": "#0","tintindex":0},
				"south": {"uv": [9, 6, 10, 7], "texture": "#0","tintindex":0},
				"west": {"uv": [9, 4, 10, 7], "rotation": 270, "texture": "#0","tintindex":0},
				"up": {"uv": [9, 4, 10, 7], "texture": "#0","tintindex":0},
				"down": {"uv": [9, 7, 10, 4], "texture": "#0","tintindex":0}
			}
		},
		{
			"name": "redstone_dust_line1_4",
			"from": [8, 0, 6],
			"to": [9, 0.5, 8],
			"faces": {
				"north": {"uv": [9, 6, 8, 7], "texture": "#0","tintindex":0},
				"east": {"uv": [8, 6, 9, 8], "rotation": 90, "texture": "#0","tintindex":0},
				"south": {"uv": [8, 7, 9, 8], "texture": "#0","tintindex":0},
				"west": {"uv": [8, 6, 9, 8], "rotation": 270, "texture": "#0","tintindex":0},
				"up": {"uv": [8, 6, 9, 8], "texture": "#0","tintindex":0},
				"down": {"uv": [8, 8, 9, 6], "texture": "#0","tintindex":0}
			}
		},
		{
			"name": "redstone_dust_line1_5",
			"from": [7, 0, 7],
			"to": [8, 0.5, 11],
			"faces": {
				"north": {"uv": [8, 7, 7, 8], "texture": "#0","tintindex":0},
				"east": {"uv": [7, 7, 8, 11], "rotation": 90, "texture": "#0","tintindex":0},
				"south": {"uv": [7, 10, 8, 11], "texture": "#0"},
				"west": {"uv": [7, 7, 8, 11], "rotation": 270, "texture": "#0","tintindex":0},
				"up": {"uv": [7, 7, 8, 11], "texture": "#0","tintindex":0},
				"down": {"uv": [7, 11, 8, 7], "texture": "#0","tintindex":0}
			}
		},
		{
			"name": "redstone_dust_line1_6",
			"from": [6, 0, 10],
			"to": [7, 0.5, 11],
			"faces": {
				"north": {"uv": [7, 10, 6, 11], "texture": "#0","tintindex":0},
				"east": {"uv": [6, 10, 7, 11], "rotation": 90, "texture": "#0","tintindex":0},
				"south": {"uv": [6, 10, 7, 11], "texture": "#0","tintindex":0},
				"west": {"uv": [6, 10, 7, 11], "rotation": 270, "texture": "#0","tintindex":0},
				"up": {"uv": [6, 10, 7, 11], "texture": "#0","tintindex":0},
				"down": {"uv": [6, 11, 7, 10], "texture": "#0","tintindex":0}
			}
		},
		{
			"name": "redstone_dust_line1_7",
			"from": [8, 0, 10],
			"to": [9, 0.5, 11],
			"faces": {
				"north": {"uv": [9, 10, 8, 11], "texture": "#0","tintindex":0},
				"east": {"uv": [8, 10, 9, 11], "rotation": 90, "texture": "#0","tintindex":0},
				"south": {"uv": [8, 10, 9, 11], "texture": "#0","tintindex":0},
				"west": {"uv": [8, 10, 9, 11], "rotation": 270, "texture": "#0","tintindex":0},
				"up": {"uv": [8, 10, 9, 11], "texture": "#0","tintindex":0},
				"down": {"uv": [8, 11, 9, 10], "texture": "#0","tintindex":0}
			}
		},
		{
			"name": "redstone_dust_line1_8",
			"from": [9, 0, 11],
			"to": [10, 0.5, 12],
			"faces": {
				"north": {"uv": [10, 11, 9, 12], "texture": "#0","tintindex":0},
				"east": {"uv": [9, 11, 10, 12], "rotation": 90, "texture": "#0","tintindex":0},
				"south": {"uv": [9, 11, 10, 12], "texture": "#0","tintindex":0},
				"west": {"uv": [9, 11, 10, 12], "rotation": 270, "texture": "#0","tintindex":0},
				"up": {"uv": [9, 11, 10, 12], "texture": "#0","tintindex":0},
				"down": {"uv": [9, 12, 10, 11], "texture": "#0","tintindex":0}
			}
		},
		{
			"name": "redstone_dust_line1_9",
			"from": [7, 0, 12],
			"to": [9, 0.5, 13],
			"faces": {
				"north": {"uv": [9, 12, 7, 13], "texture": "#0","tintindex":0},
				"east": {"uv": [8, 12, 9, 13], "rotation": 90, "texture": "#0","tintindex":0},
				"south": {"uv": [7, 12, 9, 13], "texture": "#0","tintindex":0},
				"west": {"uv": [7, 12, 8, 13], "rotation": 270, "texture": "#0","tintindex":0},
				"up": {"uv": [7, 12, 9, 13], "texture": "#0","tintindex":0},
				"down": {"uv": [7, 13, 9, 12], "texture": "#0","tintindex":0}
			}
		},
		{
			"name": "redstone_dust_line1_10",
			"from": [8, 0, 13],
			"to": [9, 0.5, 15],
			"faces": {
				"north": {"uv": [9, 13, 8, 14], "texture": "#0","tintindex":0},
				"east": {"uv": [8, 13, 9, 15], "rotation": 90, "texture": "#0","tintindex":0},
				"south": {"uv": [8, 14, 9, 15], "texture": "#0","tintindex":0},
				"west": {"uv": [8, 13, 9, 15], "rotation": 270, "texture": "#0","tintindex":0},
				"up": {"uv": [8, 13, 9, 15], "texture": "#0","tintindex":0},
				"down": {"uv": [8, 15, 9, 13], "texture": "#0","tintindex":0}
			}
		},
		{
			"name": "redstone_dust_line1_11",
			"from": [7, 0, 15],
			"to": [8, 0.5, 16],
			"faces": {
				"north": {"uv": [8, 15, 7, 16], "texture": "#0","tintindex":0},
				"east": {"uv": [7, 15, 8, 16], "rotation": 90, "texture": "#0","tintindex":0},
				"south": {"uv": [7, 15, 8, 16], "texture": "#0","tintindex":0},
				"west": {"uv": [7, 15, 8, 16], "rotation": 270, "texture": "#0","tintindex":0},
				"up": {"uv": [7, 15, 8, 16], "texture": "#0","tintindex":0},
				"down": {"uv": [7, 16, 8, 15], "texture": "#0","tintindex":0}
			}
		}
	],
	"groups": [
		{
			"name": "redstone_dust_line1",
			"origin": [8, 8, 8],
			"children": [0, 1, 2, 3, 4, 5, 6, 7, 8, 9, 10, 11]
		}
	]
}