{
	"credit": "Vanilla Additions Resource Pack by JustTimm - https://twitter.com/JT_Additions",
	"textures": {
		"0": "block/redstone_dust_dot",
		"particle": "block/redstone_dust_dot"
	},
	"elements": [
		{
			"from": [9, 0, 11],
			"to": [10, 0.25, 12],
			"faces": {
				"north": {"uv": [10, 11, 9, 12], "texture": "#0", "tintindex": 0},
				"east": {"uv": [9, 11, 10, 12], "rotation": 90, "texture": "#0", "tintindex": 0},
				"south": {"uv": [9, 11, 10, 12], "texture": "#0", "tintindex": 0},
				"west": {"uv": [9, 11, 10, 12], "rotation": 270, "texture": "#0", "tintindex": 0},
				"up": {"uv": [9, 11, 10, 12], "texture": "#0", "tintindex": 0},
				"down": {"uv": [9, 12, 10, 11], "texture": "#0", "tintindex": 0}
			}
		},
		{
			"from": [8, 0, 10],
			"to": [9, 0.25, 11],
			"faces": {
				"north": {"uv": [9, 10, 8, 11], "texture": "#0", "tintindex": 0},
				"east": {"uv": [8, 10, 9, 11], "rotation": 90, "texture": "#0", "tintindex": 0},
				"south": {"uv": [8, 10, 9, 11], "texture": "#0", "tintindex": 0},
				"west": {"uv": [8, 10, 9, 11], "rotation": 270, "texture": "#0", "tintindex": 0},
				"up": {"uv": [8, 10, 9, 11], "texture": "#0", "tintindex": 0},
				"down": {"uv": [8, 11, 9, 10], "texture": "#0", "tintindex": 0}
			}
		},
		{
			"from": [6, 0, 5],
			"to": [7, 0.25, 10],
			"faces": {
				"north": {"uv": [7, 5, 6, 6], "texture": "#0", "tintindex": 0},
				"east": {"uv": [6, 5, 7, 10], "rotation": 90, "texture": "#0", "tintindex": 0},
				"south": {"uv": [6, 9, 7, 10], "texture": "#0", "tintindex": 0},
				"west": {"uv": [6, 5, 7, 10], "rotation": 270, "texture": "#0", "tintindex": 0},
				"up": {"uv": [6, 5, 7, 10], "texture": "#0", "tintindex": 0},
				"down": {"uv": [6, 10, 7, 5], "texture": "#0", "tintindex": 0}
			}
		},
		{
			"from": [8, 0, 5],
			"to": [10, 0.25, 7],
			"faces": {
				"north": {"uv": [10, 5, 8, 6], "texture": "#0", "tintindex": 0},
				"east": {"uv": [9, 5, 10, 7], "rotation": 90, "texture": "#0", "tintindex": 0},
				"south": {"uv": [8, 6, 10, 7], "texture": "#0", "tintindex": 0},
				"west": {"uv": [8, 5, 9, 7], "rotation": 270, "texture": "#0", "tintindex": 0},
				"up": {"uv": [8, 5, 10, 7], "texture": "#0", "tintindex": 0},
				"down": {"uv": [8, 7, 10, 5], "texture": "#0", "tintindex": 0}
			}
		},
		{
			"from": [5, 0, 6],
			"to": [6, 0.25, 7],
			"faces": {
				"north": {"uv": [6, 6, 5, 7], "texture": "#0", "tintindex": 0},
				"east": {"uv": [5, 6, 6, 7], "rotation": 90, "texture": "#0", "tintindex": 0},
				"south": {"uv": [5, 6, 6, 7], "texture": "#0", "tintindex": 0},
				"west": {"uv": [5, 6, 6, 7], "rotation": 270, "texture": "#0", "tintindex": 0},
				"up": {"uv": [5, 6, 6, 7], "texture": "#0", "tintindex": 0},
				"down": {"uv": [5, 7, 6, 6], "texture": "#0", "tintindex": 0}
			}
		},
		{
			"from": [7, 0, 6],
			"to": [8, 0.25, 11],
			"faces": {
				"north": {"uv": [8, 6, 7, 7], "texture": "#0", "tintindex": 0},
				"east": {"uv": [7, 6, 8, 11], "rotation": 90, "texture": "#0", "tintindex": 0},
				"south": {"uv": [7, 10, 8, 11], "texture": "#0", "tintindex": 0},
				"west": {"uv": [7, 6, 8, 11], "rotation": 270, "texture": "#0", "tintindex": 0},
				"up": {"uv": [7, 6, 8, 11], "texture": "#0", "tintindex": 0},
				"down": {"uv": [7, 11, 8, 6], "texture": "#0", "tintindex": 0}
			}
		},
		{
			"from": [10, 0, 6],
			"to": [11, 0.25, 11],
			"faces": {
				"north": {"uv": [11, 6, 10, 7], "texture": "#0", "tintindex": 0},
				"east": {"uv": [10, 6, 11, 11], "rotation": 90, "texture": "#0", "tintindex": 0},
				"south": {"uv": [10, 10, 11, 11], "texture": "#0", "tintindex": 0},
				"west": {"uv": [10, 6, 11, 11], "rotation": 270, "texture": "#0", "tintindex": 0},
				"up": {"uv": [10, 6, 11, 11], "texture": "#0", "tintindex": 0},
				"down": {"uv": [10, 11, 11, 6], "texture": "#0", "tintindex": 0}
			}
		},
		{
			"from": [9, 0, 7],
			"to": [10, 0.25, 10],
			"faces": {
				"north": {"uv": [10, 7, 9, 8], "texture": "#0", "tintindex": 0},
				"east": {"uv": [9, 7, 10, 10], "rotation": 90, "texture": "#0", "tintindex": 0},
				"south": {"uv": [9, 9, 10, 10], "texture": "#0", "tintindex": 0},
				"west": {"uv": [9, 7, 10, 10], "rotation": 270, "texture": "#0", "tintindex": 0},
				"up": {"uv": [9, 7, 10, 10], "texture": "#0", "tintindex": 0},
				"down": {"uv": [9, 10, 10, 7], "texture": "#0", "tintindex": 0}
			}
		},
		{
			"from": [11, 0, 7],
			"to": [12, 0.25, 8],
			"faces": {
				"north": {"uv": [12, 7, 11, 8], "texture": "#0", "tintindex": 0},
				"east": {"uv": [11, 7, 12, 8], "rotation": 90, "texture": "#0", "tintindex": 0},
				"south": {"uv": [11, 7, 12, 8], "texture": "#0", "tintindex": 0},
				"west": {"uv": [11, 7, 12, 8], "rotation": 270, "texture": "#0", "tintindex": 0},
				"up": {"uv": [11, 7, 12, 8], "texture": "#0", "tintindex": 0},
				"down": {"uv": [11, 8, 12, 7], "texture": "#0", "tintindex": 0}
			}
		},
		{
			"from": [5, 0, 8],
			"to": [6, 0.25, 10],
			"faces": {
				"north": {"uv": [6, 8, 5, 9], "texture": "#0", "tintindex": 0},
				"east": {"uv": [5, 8, 6, 10], "rotation": 90, "texture": "#0", "tintindex": 0},
				"south": {"uv": [5, 9, 6, 10], "texture": "#0", "tintindex": 0},
				"west": {"uv": [5, 8, 6, 10], "rotation": 270, "texture": "#0", "tintindex": 0},
				"up": {"uv": [5, 8, 6, 10], "texture": "#0", "tintindex": 0},
				"down": {"uv": [5, 10, 6, 8], "texture": "#0", "tintindex": 0}
			}
		},
		{
			"from": [8, 0, 8],
			"to": [9, 0.25, 9],
			"faces": {
				"north": {"uv": [9, 8, 8, 9], "texture": "#0", "tintindex": 0},
				"east": {"uv": [8, 8, 9, 9], "rotation": 90, "texture": "#0", "tintindex": 0},
				"south": {"uv": [8, 8, 9, 9], "texture": "#0", "tintindex": 0},
				"west": {"uv": [8, 8, 9, 9], "rotation": 270, "texture": "#0", "tintindex": 0},
				"up": {"uv": [8, 8, 9, 9], "texture": "#0", "tintindex": 0},
				"down": {"uv": [8, 9, 9, 8], "texture": "#0", "tintindex": 0}
			}
		}
	]
}