{
  "processors": [
    {
      "processor_type": "minecraft:rule",
      "rules": [
        {
          "location_predicate": {
            "predicate_type": "minecraft:always_true"
          },
          "input_predicate": {
            "predicate_type": "minecraft:random_block_match",
            "block": "minecraft:yellow_concrete",
            "probability": 0.4
          },
          "output_state": {
            "Name": "minecraft:grass_path"
          }
        },
        {
          "location_predicate": {
            "predicate_type": "minecraft:always_true"
          },
          "input_predicate": {
            "predicate_type": "minecraft:random_block_match",
            "block": "minecraft:orange_concrete",
            "probability": 0.7
          },
          "output_state": {
            "Name": "minecraft:grass_path"
          }
        },
        {
          "location_predicate": {
            "predicate_type": "minecraft:always_true"
          },
          "input_predicate": {
            "predicate_type": "minecraft:random_block_match",
            "block": "minecraft:red_concrete",
            "probability": 0.9
          },
          "output_state": {
            "Name": "minecraft:grass_path"
          }
        },
        {
          "location_predicate": {
            "predicate_type": "minecraft:always_true"
          },
          "input_predicate": {
            "predicate_type": "minecraft:block_match",
            "block": "minecraft:yellow_concrete"
          },
          "output_state": {
            "Name": "minecraft:grass_block",
            "Properties": {
              "snowy": "false"
            }
          }
        },
        {
          "location_predicate": {
            "predicate_type": "minecraft:always_true"
          },
          "input_predicate": {
            "predicate_type": "minecraft:block_match",
            "block": "minecraft:orange_concrete"
          },
          "output_state": {
            "Name": "minecraft:grass_block",
            "Properties": {
              "snowy": "false"
            }
          }
        },
        {
          "location_predicate": {
            "predicate_type": "minecraft:always_true"
          },
          "input_predicate": {
            "predicate_type": "minecraft:block_match",
            "block": "minecraft:red_concrete"
          },
          "output_state": {
            "Name": "minecraft:grass_block",
            "Properties": {
              "snowy": "false"
            }
          }
        }
      ]
    },
    {
      "processor_type": "minecraft:rule",
      "rules": [
        {
          "location_predicate": {
            "predicate_type": "minecraft:always_true"
          },
          "input_predicate": {
            "predicate_type": "minecraft:random_block_match",
            "block": "minecraft:dead_bubble_coral_block",
            "probability": 0.3
          },
          "output_state": {
            "Name": "minecraft:dead_tube_coral_block"
          }
        },
        {
          "location_predicate": {
            "predicate_type": "minecraft:always_true"
          },
          "input_predicate": {
            "predicate_type": "minecraft:random_block_match",
            "block": "minecraft:dead_bubble_coral_block",
            "probability": 0.3
          },
          "output_state": {
            "Name": "minecraft:dead_horn_coral_block"
          }
        }
      ]
    },
    {
      "processor_type": "minecraft:rule",
      "rules": [
        {
          "location_predicate": {
            "predicate_type": "minecraft:always_true"
          },
          "input_predicate": {
            "predicate_type": "minecraft:random_block_match",
            "block": "minecraft:oak_slab",
            "probability": 0.4
          },
          "output_state": {
            "Name": "minecraft:jungle_slab",
            "Properties": {
              "type": "bottom",
              "waterlogged": "false"
            }
          }
        },
        {
          "location_predicate": {
            "predicate_type": "minecraft:always_true"
          },
          "input_predicate": {
            "predicate_type": "minecraft:random_block_match",
            "block": "minecraft:oak_planks",
            "probability": 0.2
          },
          "output_state": {
            "Name": "minecraft:jungle_planks"
          }
        },
        {
          "location_predicate": {
            "predicate_type": "minecraft:always_true"
          },
          "input_predicate": {
            "predicate_type": "minecraft:random_block_match",
            "block": "minecraft:oak_planks",
            "probability": 0.3
          },
          "output_state": {
            "Name": "minecraft:stripped_jungle_wood",
            "Properties": {
              "axis": "y"
            }
          }
        },
        {
          "location_predicate": {
            "predicate_type": "minecraft:always_true"
          },
          "input_predicate": {
            "predicate_type": "minecraft:random_block_match",
            "block": "minecraft:oak_planks",
            "probability": 0.2
          },
          "output_state": {
            "Name": "minecraft:stripped_oak_wood",
            "Properties": {
              "axis": "y"
            }
          }
        }
      ]
    }
  ]
}
