{
  "name": "kaisyn:village/coast/houses/corner",
  "fallback": "minecraft:empty",
  "elements": [
    {
      "weight": 1,
      "element": {
        "element_type": "minecraft:legacy_single_pool_element",
        "projection": "rigid",
        "location": "kaisyn:village/coast/houses/corner/house_1",
        "processors": "minecraft:empty"
      }
    },
    {
      "weight": 1,
      "element": {
        "element_type": "minecraft:legacy_single_pool_element",
        "projection": "rigid",
        "location": "kaisyn:village/coast/houses/corner/house_2",
        "processors": "minecraft:empty"
      }
    }
  ]
}
