{
  "name": "kaisyn:lighthouse/features",
  "fallback": "minecraft:empty",
  "elements": [
    {
      "weight": 1,
      "element": {
        "element_type": "minecraft:single_pool_element",
        "projection": "rigid",
        "location": "kaisyn:lighthouse/features/cross",
        "processors": "minecraft:empty"
      }
    },
    {
      "weight": 1,
      "element": {
        "element_type": "minecraft:legacy_single_pool_element",
        "projection": "rigid",
        "location": "kaisyn:lighthouse/features/house",
        "processors": "kaisyn:tower"
      }
    }
  ]
}
