{
  "pools": [
      {
      "rolls":1,
      "entries": [
        {
          "type": "minecraft:empty",
          "weight": 8,
          "quality": -1
        },
        {
          "type": "minecraft:item",
          "weight": 5,
          "quality": 1,
          "name": "minecraft:netherite_axe",
          "functions": [
            {
              "function": "minecraft:set_nbt",
              "tag": "{CustomModelData:10000001,Unbreakable:1,display:{Name:'[{\"text\":\"\\\\uE000  \",\"italic\":false},{\"text\":\"C\",\"italic\":true,\"color\":\"dark_purple\"},{\"text\":\"h\",\"italic\":true,\"color\":\"#cc00ff\"},{\"text\":\"o\",\"italic\":true,\"color\":\"dark_purple\"},{\"text\":\"r\",\"italic\":true,\"color\":\"#cc33ff\"},{\"text\":\"u\",\"italic\":true,\"color\":\"dark_purple\"},{\"text\":\"s\",\"italic\":true,\"color\":\"#cc33ff\"},{\"text\":\" s\",\"italic\":true,\"color\":\"dark_purple\"},{\"text\":\"c\",\"italic\":true,\"color\":\"#cc33ff\"},{\"text\":\"y\",\"italic\":true,\"color\":\"dark_purple\"},{\"text\":\"t\",\"italic\":true,\"color\":\"#cc33ff\"},{\"text\":\"h\",\"italic\":true,\"color\":\"dark_purple\"},{\"text\":\"e \",\"italic\":true,\"color\":\"light_purple\"},{\"text\":\"\\\\uE000\"}]',Lore:['[{\"text\":\"Legendary Item\",\"italic\":true,\"bold\":true,\"color\":\"gold\"},{\"text\":\"\",\"italic\":false,\"bold\":false,\"color\":\"dark_purple\"}]','[{\"text\":\"\",\"italic\":false,\"color\":\"dark_purple\"}]','[{\"text\":\"Absorber\",\"italic\":false,\"color\":\"dark_purple\"}]']},sch:1}"
            },
            {
              "function": "minecraft:set_nbt",
              "tag": "{Unbreakable:1,CustomModelData:10000002,display:{Name:'[{\"text\":\" \\\\uE000 \",\"italic\":false},{\"text\":\"Epic \",\"italic\":true,\"color\":\"#990033\",\"bold\":true},{\"text\":\"Chorus\",\"italic\":true,\"color\":\"#ff0033\",\"bold\":true},{\"text\":\" \",\"italic\":true,\"color\":\"990033\",\"bold\":true},{\"text\":\"scythe\",\"italic\":true,\"color\":\"#990066\",\"bold\":true},{\"text\":\" \\\\uE000\",\"italic\":false,\"bold\":false}]',Lore:['[{\"text\":\"Mythical Item\",\"color\":\"aqua\"},{\"text\":\"\",\"color\":\"dark_purple\",\"italic\":false}]','[{\"text\":\"\",\"italic\":false,\"color\":\"dark_purple\"}]','[{\"text\":\"Absorber\",\"italic\":false,\"color\":\"dark_purple\"}]','[{\"text\":\"Spore cloud\",\"italic\":false,\"color\":\"dark_purple\"}]']},sch:2,sp:1}",
              "conditions": [
                {
                  "condition": "minecraft:random_chance",
                  "chance": 0.1
                }
              ]
            }
          ]
        }
      ]
    },
    {
      "rolls": {
        "min": 1,
        "max": 7
      },
      "entries": [
	         {
          "type": "minecraft:item",
          "weight": 5,
          "quality": 1,
          "name": "minecraft:knowledge_book",
          "functions": [
            {
              "function": "minecraft:set_nbt",
              "tag": "{CustomModelData:10000003,display:{Name:'[{\"text\":\"End diamond\",\"italic\":false,\"color\":\"#ff33ff\"}]'},dia:1,Enchantments:[{}]}"
            },
			            {
              "function": "minecraft:set_count",
              "count": {
                "min": 1,
                "max": 3
              }
            }
          ]
        },
	          {
          "type": "minecraft:item",
          "weight": 6,
          "quality": -1,
          "name": "minecraft:apple",
          "functions": [
            {
              "function": "minecraft:set_nbt",
              "tag": "{CustomModelData:10000001,fruit:1,display:{Name:'[{\"text\":\"Ender fruit\",\"italic\":false,\"color\":\"light_purple\"}]'}}"
            },
            {
              "function": "minecraft:set_count",
              "count": {
                "min": 1,
                "max": 7
              }
            }
          ]
        },
	          {
          "type": "minecraft:item",
          "name": "minecraft:knowledge_book",
          "weight": 7,
          "functions": [
            {
              "function": "minecraft:set_nbt",
              "tag": "{CustomModelData:10000002,ess:1,display:{Name:'[{\"text\":\"Ender essence\",\"italic\":false,\"color\":\"dark_purple\"}]'}}",
              "count": 1
            }
          ]
        },
        {
          "type": "minecraft:item",
          "weight": 10,
          "quality": -2,
          "name": "minecraft:end_stone",
          "functions": [
            {
              "function": "minecraft:set_count",
              "count": {
                "min": 20,
                "max": 40
              }
            }
          ]
        }
      ]
    }
  ]
}
