{
  "pools": [
    {
      "rolls": 1,
      "entries": [
	          {
          "type": "minecraft:item",
          "name": "minecraft:knowledge_book",
          "weight": 7,
          "functions": [
            {
              "function": "minecraft:set_nbt",
              "tag": "{CustomModelData:10000002,ess:1,display:{Name:'[{\"text\":\"Ender essence\",\"italic\":false,\"color\":\"dark_purple\"}]'}}",
              "count": 1
            }
          ]
        },
        {
          "type": "minecraft:item",
          "weight": 10,
          "quality": -1,
          "name": "minecraft:end_stone",
          "functions": [
            {
              "function": "minecraft:set_count",
              "count": {
                "min": 1,
                "max": 2
              }
            }
          ]
        },
        {
          "type": "minecraft:item",
          "weight": 5,
          "quality": 1,
          "name": "minecraft:shulker_box",
          "functions": [
            {
              "function": "minecraft:set_count",
              "count": {
                "min": 1,
                "max": 2
              }
            }
          ]
        }
      ]
    }
  ]
}
