{
  "pools": [
    {
      "rolls": 1,
      "entries": [
        {
          "type": "minecraft:item",
          "weight": 2,
          "quality": 1,
          "name": "minecraft:netherite_axe",
          "functions": [
            {
              "function": "minecraft:set_nbt",
              "tag": "{CustomModelData:10000003,display:{Name:'[{\"text\":\"\\\\uE002 \",\"italic\":false},{\"text\":\"Hun\",\"color\":\"dark_red\"},{\"text\":\"gry\",\"color\":\"#cc0000\"},{\"text\":\" wand\",\"color\":\"dark_red\"},{\"text\":\" \\\\uE002\"}]',Lore:['[{\"text\":\"Legendary Item\",\"italic\":true,\"color\":\"gold\",\"bold\":true},{\"text\":\"\",\"italic\":false,\"color\":\"dark_purple\",\"bold\":false}]','[{\"text\":\"\",\"italic\":false,\"color\":\"dark_purple\"}]','[{\"text\":\"Hunger\",\"italic\":false,\"color\":\"dark_purple\"}]']},hun:1,Unbreakable:1}"
            },
            {
              "function": "minecraft:set_nbt",
              "tag": "{CustomModelData:10000004,display:{Name:'[{\"text\":\"\\\\uE002 \",\"italic\":false},{\"text\":\"Devouring\",\"color\":\"#990033\"},{\"text\":\" wand\",\"color\":\"dark_red\"},{\"text\":\" \\\\uE002\"}]',Lore:['[{\"text\":\"Mythical Item\",\"italic\":true,\"color\":\"dark_aqua\"},{\"text\":\"\",\"italic\":false,\"color\":\"dark_purple\"}]','[{\"text\":\"\",\"italic\":false,\"color\":\"dark_purple\"}]','[{\"text\":\"Scary hunger\",\"italic\":false,\"color\":\"dark_purple\"}]','[{\"text\":\"Full power\",\"italic\":false,\"color\":\"dark_purple\"}]']},full:1,dev:1,Unbreakable:1b}",
              "conditions": [
                {
                  "condition": "minecraft:random_chance",
                  "chance": 0.1
                }
              ]
            }
          ]
        },
        {
          "type": "minecraft:empty",
          "weight": 8,
          "quality": -1
        }
      ]
    },
    {
      "rolls": {
        "min": 2,
        "max": 5
      },
      "entries": [
	  	          {
          "type": "minecraft:item",
          "name": "minecraft:knowledge_book",
          "weight": 7,
          "functions": [
            {
              "function": "minecraft:set_nbt",
              "tag": "{CustomModelData:10000002,ess:1,display:{Name:'[{\"text\":\"Ender essence\",\"italic\":false,\"color\":\"dark_purple\"}]'}}",
              "count": 1
            }
          ]
        },
	  	         {
          "type": "minecraft:item",
          "weight": 5,
          "quality": 1,
          "name": "minecraft:knowledge_book",
          "functions": [
            {
              "function": "minecraft:set_nbt",
              "tag": "{CustomModelData:10000003,display:{Name:'[{\"text\":\"End diamond\",\"italic\":false,\"color\":\"#ff33ff\"}]'},dia:1,Enchantments:[{}]}"
            },
			            {
              "function": "minecraft:set_count",
              "count": {
                "min": 1,
                "max": 3
              }
            }
          ]
        },
        {
          "type": "minecraft:item",
          "weight": 4,
          "quality": 1,
          "name": "minecraft:potion",
          "functions": [
            {
              "function": "minecraft:set_nbt",
              "tag": "{CustomPotionColor:11865497,display:{Name:'[{\"text\":\"Endermite\",\"italic\":false,\"color\":\"light_purple\"},{\"text\":\" blood\",\"color\":\"dark_purple\"}]'},blood:1}"
            }
          ]
        },
        {
          "type": "minecraft:item",
          "weight": 7,
          "quality": -1,
          "name": "minecraft:cobweb"
        },
        {
          "type": "minecraft:item",
          "weight": 10,
          "quality": -1,
          "name": "minecraft:spider_eye"
        },
        {
          "type": "minecraft:item",
          "weight": 2,
          "quality": -3,
          "name": "minecraft:shulker_shell",
          "functions": [
            {
              "function": "minecraft:set_count",
              "count": {
                "min": 1,
                "max": 2
              }
            }
          ]
        }
      ]
    }
  ]
}
