{
  "name": "kaisyn:farm/feature",
  "fallback": "minecraft:empty",
  "elements": [
    {
      "weight": 1,
      "element": {
        "element_type": "minecraft:legacy_single_pool_element",
        "projection": "terrain_matching",
        "location": "kaisyn:farm/feature/way",
        "processors": "kaisyn:paths"
      }
    },
    {
      "weight": 1,
      "element": {
        "element_type": "minecraft:legacy_single_pool_element",
        "projection": "terrain_matching",
        "location": "kaisyn:farm/feature/farm_wheat",
        "processors": "kaisyn:paths"
      }
    },
    {
      "weight": 1,
      "element": {
        "element_type": "minecraft:legacy_single_pool_element",
        "projection": "terrain_matching",
        "location": "kaisyn:farm/feature/farm_betroots",
        "processors": "kaisyn:paths"
      }
    },
    {
      "weight": 1,
      "element": {
        "element_type": "minecraft:legacy_single_pool_element",
        "projection": "rigid",
        "location": "kaisyn:farm/feature/farm_pumpkin",
        "processors": "kaisyn:paths"
      }
    },
    {
      "weight": 1,
      "element": {
        "element_type": "minecraft:legacy_single_pool_element",
        "projection": "rigid",
        "location": "kaisyn:farm/feature/windmill",
        "processors": "kaisyn:paths"
      }
    }
  ]
}
