{
    "criteria": {
        "hurt": {
            "trigger": "minecraft:player_hurt_entity",
            "conditions": {
                "entity": {
                    "nbt": "{Tags:[power]}"
                },
                "damage": {
                    "source_entity": {
                        "equipment": {
                            "mainhand": {
                                "nbt": "{endk:1}"
                            }
                        }
                    }
                }
            }
        }
    },
    "rewards": {
        "function": "command:encahnt/endk"
    }
}