{
    "criteria": {
        "kill": {
            "trigger": "minecraft:player_killed_entity",
            "conditions": {
                "killing_blow": {
                    "source_entity": {
                        "equipment": {
                            "mainhand": {
                                "nbt": "{sch:2}"
                            }
                        }
                    }
                }
            }
        }
    },
    "rewards": {
        "function": "command:encahnt/sch2"
    }
}