{   "criteria": {
        "hurt": {
            "trigger": "minecraft:player_hurt_entity",
            "conditions": {
                "damage": {
                    "source_entity": {
                        "equipment": {
                            "mainhand": {
                                "nbt": "{wit:1}"
                            }
                        }
                    }
                }
            }
        }
    },
    "rewards": {
        "function": "command:encahnt/wither"
    },
    "parent": "enchant:root"
}