{
  "name": "kaisyn:village/swamp/terminators",
  "fallback": "minecraft:empty",
  "elements": [
    {
      "weight": 1,
      "element": {
        "element_type": "minecraft:legacy_single_pool_element",
        "projection": "rigid",
        "location": "kaisyn:village/swamp/terminators/end_01",
        "processors": "kaisyn:street_swamp"
      }
    },
    {
      "weight": 1,
      "element": {
        "element_type": "minecraft:legacy_single_pool_element",
        "projection": "rigid",
        "location": "kaisyn:village/swamp/terminators/end_02",
        "processors": "kaisyn:street_swamp"
      }
    },
    {
      "weight": 1,
      "element": {
        "element_type": "minecraft:legacy_single_pool_element",
        "projection": "rigid",
        "location": "kaisyn:village/swamp/terminators/end_03",
        "processors": "kaisyn:street_swamp"
      }
    }
  ]
}
