{
  "type": "minecraft:block",
  "pools": [
    {
      "rolls": 1.0,
      "bonus_rolls": 0.0,
      "entries": [
	          {
          "type": "minecraft:item",
          "weight": 1,
          "quality": 1,
          "name": "minecraft:knowledge_book",
          "functions": [
            {
              "function": "minecraft:set_nbt",
              "tag": "{CustomModelData:10000005,display:{Name:'[{\"text\":\"Endenium\",\"italic\":false,\"color\":\"light_purple\"}]'}}"
            }
          ]
        },
        {
          "type": "minecraft:item",
		  "weight":50,
          "name": "minecraft:end_stone"
        }
      ],
      "conditions": [
        {
          "condition": "minecraft:survives_explosion"
        }
      ]
    }
  ]
}