{
  "pools": [
    {
      "rolls": {
        "min": 1,
        "max": 3
      },
      "entries": [
	          {
          "type": "minecraft:item",
          "weight": 2,
          "quality": 1,
          "name": "minecraft:shulker_shell",
          "functions": [
            {
              "function": "minecraft:set_count",
              "count": {
                "min": 1,
                "max": 2
              }
            }
          ]
        },
	          {
          "type": "minecraft:item",
          "weight": 14,
          "quality": -5,
          "name": "minecraft:cobweb",
          "functions": [
            {
              "function": "minecraft:set_count",
              "count": {
                "min": 1,
                "max": 3
              }
            }
          ]
        },
        {
          "type": "minecraft:item",
          "weight": 2,
          "quality": 1,
          "name": "minecraft:netherite_ingot"
        },
        {
          "type": "minecraft:item",
          "weight": 7,
          "quality": -1,
          "name": "minecraft:tipped_arrow",
          "functions": [
            {
              "function": "minecraft:set_count",
              "count": {
                "min": 1,
                "max": 10
              }
            },
            {
              "function": "minecraft:set_nbt",
              "tag": "{CustomPotionColor:883318,display:{Name:'[{\"text\":\"Shulkerblood-\",\"italic\":false,\"color\":\"dark_aqua\"},{\"text\":\"tipped arrow\",\"color\":\"aqua\"}]'},CustomPotionEffects:[{Id:25,Duration:600},{Id:28,Duration:800},{Id:20,Duration:600,Amplifier:2}]}"
            }
          ]
        },
        {
          "type": "minecraft:item",
          "weight": 9,
          "quality": -1,
          "name": "minecraft:gold_nugget",
          "functions": [
            {
              "function": "minecraft:set_count",
              "count": {
                "min": 1,
                "max": 5
              }
            }
          ]
        },
        {
          "type": "minecraft:item",
          "weight": 10,
          "quality": -8,
          "name": "minecraft:purpur_block",
          "functions": [
            {
              "function": "minecraft:set_count",
              "count": {
                "min": 1,
                "max": 3
              }
            }
          ]
        },
        {
          "type": "minecraft:item",
          "weight": 4,
          "quality": 3,
          "name": "minecraft:potion",
          "functions": [
            {
              "function": "minecraft:set_count",
              "count": {
                "min": 0,
                "max": 4
              }
            },
            {
              "function": "minecraft:set_nbt",
              "tag": "{CustomPotionColor:3344448,display:{Name:'[{\"text\":\"Destructive \",\"italic\":false},{\"text\":\"potion\",\"color\":\"light_purple\"}]'},CustomPotionEffects:[{Id:21,Duration:1500,Amplifier:2},{Id:5,Duration:1200,Amplifier:1},{Id:20,Duration:1200,Amplifier:1}]}"
            }
          ]
        },
        {
          "type": "minecraft:item",
          "weight": 15,
          "quality": -3,
          "name": "minecraft:end_stone_bricks",
          "functions": [
            {
              "function": "minecraft:set_count",
              "count": {
                "min": 1,
                "max": 4
              }
            }
          ]
        },
        {
          "type": "minecraft:item",
          "weight": 1,
          "quality": 1,
          "name": "minecraft:ender_chest"
        }
      ]
    }
  ]
}