{
	"credit": "Made with Blockbench",
	"ambientocclusion": false,
	"textures": {
		"particle": "block/bamboo_small_leaves",
		"texture": "block/bamboo_small_leaves"
	},
	"elements": [
		{
			"from": [1, 0, 8],
			"to": [7, 16, 8],
			"faces": {
				"north": {"uv": [8, 0, 14, 16], "texture": "#texture"},
				"east": {"uv": [0, 0, 0, 16], "texture": "#missing"},
				"south": {"uv": [2, 0, 8, 16], "texture": "#texture"},
				"west": {"uv": [0, 0, 0, 16], "texture": "#missing"},
				"up": {"uv": [0, 0, 4.5, 0], "texture": "#missing"},
				"down": {"uv": [0, 0, 4.5, 0], "texture": "#missing"}
			}
		},
		{
			"from": [1, 0, 8],
			"to": [7, 16, 8],
			"rotation": {"angle": 45, "axis": "y", "origin": [8, 8, 8]},
			"faces": {
				"north": {"uv": [8, 0, 14, 16], "texture": "#texture"},
				"east": {"uv": [0, 0, 0, 16], "texture": "#missing"},
				"south": {"uv": [2, 0, 8, 16], "texture": "#texture"},
				"west": {"uv": [0, 0, 0, 16], "texture": "#missing"},
				"up": {"uv": [0, 0, 4.5, 0], "texture": "#missing"},
				"down": {"uv": [0, 0, 4.5, 0], "texture": "#missing"}
			}
		},
		{
			"from": [8, 0, 9],
			"to": [8, 16, 15],
			"rotation": {"angle": 0, "axis": "y", "origin": [8, 8, 8]},
			"faces": {
				"north": {"uv": [0, 0, 0, 16], "texture": "#missing"},
				"east": {"uv": [2, 0, 8, 16], "texture": "#texture"},
				"south": {"uv": [0, 0, 0, 16], "texture": "#missing"},
				"west": {"uv": [8, 0, 14, 16], "texture": "#texture"},
				"up": {"uv": [0, 0, 4.5, 0], "rotation": 270, "texture": "#missing"},
				"down": {"uv": [0, 0, 4.5, 0], "rotation": 90, "texture": "#missing"}
			}
		},
		{
			"from": [8, 0, 9],
			"to": [8, 16, 15],
			"rotation": {"angle": 45, "axis": "y", "origin": [8, 8, 8]},
			"faces": {
				"north": {"uv": [0, 0, 0, 16], "texture": "#missing"},
				"east": {"uv": [2, 0, 8, 16], "texture": "#texture"},
				"south": {"uv": [0, 0, 0, 16], "texture": "#missing"},
				"west": {"uv": [8, 0, 14, 16], "texture": "#texture"},
				"up": {"uv": [0, 0, 4.5, 0], "rotation": 270, "texture": "#missing"},
				"down": {"uv": [0, 0, 4.5, 0], "rotation": 90, "texture": "#missing"}
			}
		},
		{
			"from": [9, 0, 8],
			"to": [15, 16, 8],
			"faces": {
				"north": {"uv": [2, 0, 8, 16], "texture": "#texture"},
				"east": {"uv": [0, 0, 0, 16], "texture": "#missing"},
				"south": {"uv": [8, 0, 14, 16], "texture": "#texture"},
				"west": {"uv": [0, 0, 0, 16], "texture": "#missing"},
				"up": {"uv": [0, 0, 4.5, 0], "texture": "#missing"},
				"down": {"uv": [0, 0, 4.5, 0], "texture": "#missing"}
			}
		},
		{
			"from": [9, 0, 8],
			"to": [15, 16, 8],
			"rotation": {"angle": 45, "axis": "y", "origin": [8, 8, 8]},
			"faces": {
				"north": {"uv": [2, 0, 8, 16], "texture": "#texture"},
				"east": {"uv": [0, 0, 0, 16], "texture": "#missing"},
				"south": {"uv": [8, 0, 14, 16], "texture": "#texture"},
				"west": {"uv": [0, 0, 0, 16], "texture": "#missing"},
				"up": {"uv": [0, 0, 4.5, 0], "texture": "#missing"},
				"down": {"uv": [0, 0, 4.5, 0], "texture": "#missing"}
			}
		},
		{
			"from": [8, 0, 1],
			"to": [8, 16, 7],
			"rotation": {"angle": 0, "axis": "y", "origin": [8, 8, 8]},
			"faces": {
				"north": {"uv": [0, 0, 0, 16], "texture": "#missing"},
				"east": {"uv": [8, 0, 14, 16], "texture": "#texture"},
				"south": {"uv": [0, 0, 0, 16], "texture": "#missing"},
				"west": {"uv": [2, 0, 8, 16], "texture": "#texture"},
				"up": {"uv": [0, 0, 4.5, 0], "rotation": 270, "texture": "#missing"},
				"down": {"uv": [0, 0, 4.5, 0], "rotation": 90, "texture": "#missing"}
			}
		},
		{
			"from": [8, 0, 1],
			"to": [8, 16, 7],
			"rotation": {"angle": 45, "axis": "y", "origin": [8, 8, 8]},
			"faces": {
				"north": {"uv": [0, 0, 0, 16], "texture": "#missing"},
				"east": {"uv": [8, 0, 14, 16], "texture": "#texture"},
				"south": {"uv": [0, 0, 0, 16], "texture": "#missing"},
				"west": {"uv": [2, 0, 8, 16], "texture": "#texture"},
				"up": {"uv": [0, 0, 4.5, 0], "rotation": 270, "texture": "#missing"},
				"down": {"uv": [0, 0, 4.5, 0], "rotation": 90, "texture": "#missing"}
			}
		}
	]
}