{
	"credit": "Made by toby20_",
	"parent": "block/block",
	"ambientocclusion": false,
	"textures": {
		"bushy": "block/bamboo_bushy_leaves",
		"texture": "block/bamboo_large_leaves",
		"particle": "block/bamboo_large_leaves"
	},
	"elements": [
		{
			"name": "Element",
			"from": [13.8125, -8, -6.875],
			"to": [13.8135, 24, 25.125],
			"shade": false,
			"rotation": {"angle": -22.5, "axis": "y", "origin": [13.9375, -10, -6.6875]},
			"faces": {
				"east": {"uv": [0, 0, 16, 16], "texture": "#bushy", "tintindex": 0},
				"west": {"uv": [0, 0, 16, 16], "texture": "#bushy", "tintindex": 0}
			}
		},
		{
			"name": "Element",
			"from": [-7.1875, -8, 2.125],
			"to": [24.8125, 24, 2.126],
			"shade": false,
			"rotation": {"angle": -22.5, "axis": "y", "origin": [-7, -10, 2]},
			"faces": {
				"north": {"uv": [0, 0, 16, 16], "texture": "#bushy", "tintindex": 0},
				"south": {"uv": [0, 0, 16, 16], "texture": "#bushy", "tintindex": 0}
			}
		},
		{
			"from": [13.2, 0, 8],
			"to": [18.2, 16, 8],
			"shade": false,
			"rotation": {"angle": 22.5, "axis": "y", "origin": [8, 8, 8]},
			"faces": {
				"north": {"uv": [0, 0, 5, 16], "texture": "#texture", "tintindex": 0},
				"south": {"uv": [11, 0, 16, 16], "texture": "#texture", "tintindex": 0}
			}
		},
		{
			"from": [-2.2, 0, 8],
			"to": [2.8, 16, 8],
			"shade": false,
			"rotation": {"angle": 22.5, "axis": "y", "origin": [8, 8, 8]},
			"faces": {
				"north": {"uv": [11, 0, 16, 16], "texture": "#texture", "tintindex": 0},
				"south": {"uv": [0, 0, 5, 16], "texture": "#texture", "tintindex": 0}
			}
		},
		{
			"from": [8, 0, -2.2],
			"to": [8, 16, 2.8],
			"shade": false,
			"rotation": {"angle": 22.5, "axis": "y", "origin": [8, 8, 8]},
			"faces": {
				"east": {"uv": [11, 0, 16, 16], "texture": "#texture", "tintindex": 0},
				"west": {"uv": [0, 0, 5, 16], "texture": "#texture", "tintindex": 0}
			}
		},
		{
			"from": [8, 0, 13.2],
			"to": [8, 16, 18.2],
			"shade": false,
			"rotation": {"angle": 22.5, "axis": "y", "origin": [8, 8, 8]},
			"faces": {
				"east": {"uv": [0, 0, 5, 16], "texture": "#texture", "tintindex": 0},
				"west": {"uv": [11, 0, 16, 16], "texture": "#texture", "tintindex": 0}
			}
		},
		{
			"name": "Leaves",
			"from": [2, 0.1, 2],
			"to": [14, 16.1, 14],
			"faces": {
				"north": {"uv": [2, 0, 14, 16], "texture": "#texture"},
				"east": {"uv": [2, 0, 14, 16], "texture": "#texture"},
				"south": {"uv": [2, 0, 14, 16], "texture": "#texture"},
				"west": {"uv": [2, 0, 14, 16], "texture": "#texture"},
				"up": {"uv": [2, 2, 14, 14], "texture": "#texture"},
				"down": {"uv": [2, 2, 14, 14], "texture": "#texture"}
			}
		}
	],
	"groups": [
		{
			"name": "Overlay1",
			"origin": [-7, -10, 2],
			"children": [0, 1]
		},
		{
			"name": "Overlay2",
			"origin": [8, 8, 8],
			"children": [2, 3, 4, 5]
		}, 6]
}