{
	"credit": "Made with Blockbench",
	"textures": {
		"2": "block/flower",
		"3": "block/flower2",
		"4": "block/lily_pad1",
		"5": "block/lily_b1",
		"particle": "block/texture"
	},
	"elements": [
		{
			"from": [10.5, -16, 9],
			"to": [10.5, 4, 12],
			"rotation": {"angle": 0, "axis": "y", "origin": [10.5, 1, 10.5]},
			"faces": {
				"north": {"uv": [0, 0, 0, 16], "texture": "#3"},
				"east": {"uv": [0, 0, 3, 16], "texture": "#3"},
				"south": {"uv": [0, 0, 0, 16], "texture": "#3"},
				"west": {"uv": [0, 0, 3, 16], "texture": "#3"},
				"up": {"uv": [0, 0, 0, 3], "rotation": 180, "texture": "#3"},
				"down": {"uv": [0, 0, 0, 3], "rotation": 180, "texture": "#3"}
			}
		},
		{
			"from": [9, -16, 10.5],
			"to": [12, 4, 10.5],
			"rotation": {"angle": 0, "axis": "y", "origin": [10.5, 1, 10.5]},
			"faces": {
				"north": {"uv": [0, 0, 3, 16], "texture": "#3"},
				"east": {"uv": [0, 0, 0, 16], "texture": "#3"},
				"south": {"uv": [0, 0, 3, 16], "texture": "#3"},
				"west": {"uv": [0, 0, 0, 16], "texture": "#3"},
				"up": {"uv": [0, 0, 0, 3], "rotation": 90, "texture": "#3"},
				"down": {"uv": [0, 0, 0, 3], "rotation": 270, "texture": "#3"}
			}
		},
		{
			"from": [4, 0, 7],
			"to": [8, 5, 7],
			"rotation": {"angle": -45, "axis": "y", "origin": [6, 9.5, 7]},
			"faces": {
				"north": {"uv": [0, 0, 4, 5], "texture": "#2"},
				"east": {"uv": [0, 0, 0, 5], "texture": "#2"},
				"south": {"uv": [0, 0, 4, 5], "texture": "#2"},
				"west": {"uv": [0, 0, 0, 5], "texture": "#2"},
				"up": {"uv": [0, 0, 4, 0], "texture": "#2"},
				"down": {"uv": [0, 0, 4, 0], "texture": "#2"}
			}
		},
		{
			"from": [6, 0, 5],
			"to": [6, 5, 9],
			"rotation": {"angle": -45, "axis": "y", "origin": [6, 9.5, 7]},
			"faces": {
				"north": {"uv": [0, 0, 0, 5], "texture": "#2"},
				"east": {"uv": [0, 0, 4, 5], "texture": "#2"},
				"south": {"uv": [0, 0, 0, 5], "texture": "#2"},
				"west": {"uv": [0, 0, 4, 5], "texture": "#2"},
				"up": {"uv": [0, 0, 4, 0], "rotation": 90, "texture": "#2"},
				"down": {"uv": [0, 0, 4, 0], "rotation": 270, "texture": "#2"}
			}
		},
		{
			"from": [-1, -16, 8],
			"to": [17, 0, 8],
			"rotation": {"angle": -45, "axis": "y", "origin": [8, -1, 8]},
			"faces": {
				"north": {"uv": [0, 0, 16, 16], "rotation": 180, "texture": "#5"},
				"east": {"uv": [0, 0, 16, 0], "rotation": 270, "texture": "#5"},
				"south": {"uv": [0, 0, 16, 16], "rotation": 180, "texture": "#5"},
				"west": {"uv": [0, 0, 16, 0], "rotation": 90, "texture": "#5"},
				"up": {"uv": [0, 0, 16, 0], "rotation": 180, "texture": "#5"},
				"down": {"uv": [0, 0, 16, 0], "texture": "#5"}
			}
		},
		{
			"from": [8, -16, -1],
			"to": [8, 0, 17],
			"rotation": {"angle": -45, "axis": "y", "origin": [8, -1, 8]},
			"faces": {
				"north": {"uv": [0, 0, 16, 0], "rotation": 90, "texture": "#5"},
				"east": {"uv": [0, 0, 16, 16], "rotation": 180, "texture": "#5"},
				"south": {"uv": [0, 0, 16, 0], "rotation": 270, "texture": "#5"},
				"west": {"uv": [0, 0, 16, 16], "rotation": 180, "texture": "#5"},
				"up": {"uv": [0, 0, 16, 0], "rotation": 270, "texture": "#5"},
				"down": {"uv": [0, 0, 16, 0], "rotation": 270, "texture": "#5"}
			}
		},
		{
			"from": [0, 0, 0],
			"to": [16, 0, 16],
			"rotation": {"angle": 0, "axis": "y", "origin": [8, 7, 8]},
			"faces": {
				"north": {"uv": [0, 0, 16, 0], "texture": "#4"},
				"east": {"uv": [0, 0, 16, 0], "texture": "#4"},
				"south": {"uv": [0, 0, 16, 0], "texture": "#4"},
				"west": {"uv": [0, 0, 16, 0], "texture": "#4"},
				"up": {"uv": [0, 0, 16, 16], "texture": "#4"},
				"down": {"uv": [0, 0, 16, 16], "texture": "#4"}
			}
		}
	],
	"display": {
		"fixed": {
			"rotation": [-90, 0, 0],
			"translation": [0, 0, 8]
		}
	},
	"groups": [
		{
			"name": "lily_2",
			"origin": [8, 16, 8],
			"children": [
				{
					"name": "group",
					"origin": [4, 11, 9.5],
					"children": [0, 1]
				},
				{
					"name": "group",
					"origin": [7, 18.5, 7],
					"children": [2, 3]
				},
				{
					"name": "group",
					"origin": [8, 8, 8],
					"children": [4, 5]
				}, 6]
		}
	]
}