{
	"credit": "Made with Blockbench",
	"textures": {
		"1": "block/flower4",
		"2": "block/flower5",
		"3": "block/flower2",
		"particle": "block/flower4"
	},
	"elements": [
		{
			"from": [3.5, -13, 4],
			"to": [3.5, 7, 7],
			"rotation": {"angle": 0, "axis": "y", "origin": [3.5, -3, 5.5]},
			"faces": {
				"north": {"uv": [0, 0, 0, 16], "texture": "#1"},
				"east": {"uv": [0, 0, 3, 16], "texture": "#1"},
				"south": {"uv": [0, 0, 0, 16], "texture": "#1"},
				"west": {"uv": [0, 0, 3, 16], "texture": "#1"},
				"up": {"uv": [0, 0, 0, 3], "rotation": 180, "texture": "#1"},
				"down": {"uv": [0, 0, 0, 3], "rotation": 180, "texture": "#1"}
			}
		},
		{
			"from": [2, -13, 5.5],
			"to": [5, 7, 5.5],
			"rotation": {"angle": 0, "axis": "y", "origin": [3.5, -3, 5.5]},
			"faces": {
				"north": {"uv": [0, 0, 3, 16], "texture": "#1"},
				"east": {"uv": [0, 0, 0, 16], "texture": "#1"},
				"south": {"uv": [0, 0, 3, 16], "texture": "#1"},
				"west": {"uv": [0, 0, 0, 16], "texture": "#1"},
				"up": {"uv": [0, 0, 0, 3], "rotation": 90, "texture": "#1"},
				"down": {"uv": [0, 0, 0, 3], "rotation": 270, "texture": "#1"}
			}
		},
		{
			"from": [9.5, -13, 6],
			"to": [9.5, 7, 9],
			"rotation": {"angle": 0, "axis": "y", "origin": [9.5, -3, 7.5]},
			"faces": {
				"north": {"uv": [0, 0, 0, 16], "texture": "#3"},
				"east": {"uv": [0, 0, 3, 16], "texture": "#3"},
				"south": {"uv": [0, 0, 0, 16], "texture": "#3"},
				"west": {"uv": [0, 0, 3, 16], "texture": "#3"},
				"up": {"uv": [0, 0, 0, 3], "rotation": 180, "texture": "#3"},
				"down": {"uv": [0, 0, 0, 3], "rotation": 180, "texture": "#3"}
			}
		},
		{
			"from": [8, -13, 7.5],
			"to": [11, 7, 7.5],
			"rotation": {"angle": 0, "axis": "y", "origin": [9.5, -3, 7.5]},
			"faces": {
				"north": {"uv": [0, 0, 3, 16], "texture": "#3"},
				"east": {"uv": [0, 0, 0, 16], "texture": "#3"},
				"south": {"uv": [0, 0, 3, 16], "texture": "#3"},
				"west": {"uv": [0, 0, 0, 16], "texture": "#3"},
				"up": {"uv": [0, 0, 0, 3], "rotation": 90, "texture": "#3"},
				"down": {"uv": [0, 0, 0, 3], "rotation": 270, "texture": "#3"}
			}
		},
		{
			"from": [13.5, -12, 11],
			"to": [13.5, 8, 14],
			"rotation": {"angle": 0, "axis": "y", "origin": [13.5, -2, 12.5]},
			"faces": {
				"north": {"uv": [0, 0, 0, 16], "texture": "#3"},
				"east": {"uv": [0, 0, 3, 16], "texture": "#3"},
				"south": {"uv": [0, 0, 0, 16], "texture": "#3"},
				"west": {"uv": [0, 0, 3, 16], "texture": "#3"},
				"up": {"uv": [0, 0, 0, 3], "rotation": 180, "texture": "#3"},
				"down": {"uv": [0, 0, 0, 3], "rotation": 180, "texture": "#3"}
			}
		},
		{
			"from": [12, -12, 12.5],
			"to": [15, 8, 12.5],
			"rotation": {"angle": 0, "axis": "y", "origin": [13.5, -2, 12.5]},
			"faces": {
				"north": {"uv": [0, 0, 3, 16], "texture": "#3"},
				"east": {"uv": [0, 0, 0, 16], "texture": "#3"},
				"south": {"uv": [0, 0, 3, 16], "texture": "#3"},
				"west": {"uv": [0, 0, 0, 16], "texture": "#3"},
				"up": {"uv": [0, 0, 0, 3], "rotation": 90, "texture": "#3"},
				"down": {"uv": [0, 0, 0, 3], "rotation": 270, "texture": "#3"}
			}
		},
		{
			"from": [12.5, -15, 0],
			"to": [12.5, 5, 3],
			"rotation": {"angle": 0, "axis": "y", "origin": [12.5, -5, 1.5]},
			"faces": {
				"north": {"uv": [0, 0, 0, 16], "texture": "#1"},
				"east": {"uv": [0, 0, 3, 16], "texture": "#1"},
				"south": {"uv": [0, 0, 0, 16], "texture": "#1"},
				"west": {"uv": [0, 0, 3, 16], "texture": "#1"},
				"up": {"uv": [0, 0, 0, 3], "rotation": 180, "texture": "#1"},
				"down": {"uv": [0, 0, 0, 3], "rotation": 180, "texture": "#1"}
			}
		},
		{
			"from": [11, -15, 1.5],
			"to": [14, 5, 1.5],
			"rotation": {"angle": 0, "axis": "y", "origin": [12.5, -5, 1.5]},
			"faces": {
				"north": {"uv": [0, 0, 3, 16], "texture": "#1"},
				"east": {"uv": [0, 0, 0, 16], "texture": "#1"},
				"south": {"uv": [0, 0, 3, 16], "texture": "#1"},
				"west": {"uv": [0, 0, 0, 16], "texture": "#1"},
				"up": {"uv": [0, 0, 0, 3], "rotation": 90, "texture": "#1"},
				"down": {"uv": [0, 0, 0, 3], "rotation": 270, "texture": "#1"}
			}
		},
		{
			"from": [6.5, -15, 14],
			"to": [6.5, 5, 17],
			"rotation": {"angle": 0, "axis": "y", "origin": [6.5, -5, 15.5]},
			"faces": {
				"north": {"uv": [0, 0, 0, 16], "texture": "#2"},
				"east": {"uv": [0, 0, 3, 16], "texture": "#2"},
				"south": {"uv": [0, 0, 0, 16], "texture": "#2"},
				"west": {"uv": [0, 0, 3, 16], "texture": "#2"},
				"up": {"uv": [0, 0, 0, 3], "rotation": 180, "texture": "#2"},
				"down": {"uv": [0, 0, 0, 3], "rotation": 180, "texture": "#2"}
			}
		},
		{
			"from": [5, -15, 15.5],
			"to": [8, 5, 15.5],
			"rotation": {"angle": 0, "axis": "y", "origin": [6.5, -5, 15.5]},
			"faces": {
				"north": {"uv": [0, 0, 3, 16], "texture": "#2"},
				"east": {"uv": [0, 0, 0, 16], "texture": "#2"},
				"south": {"uv": [0, 0, 3, 16], "texture": "#2"},
				"west": {"uv": [0, 0, 0, 16], "texture": "#2"},
				"up": {"uv": [0, 0, 0, 3], "rotation": 90, "texture": "#2"},
				"down": {"uv": [0, 0, 0, 3], "rotation": 270, "texture": "#2"}
			}
		},
		{
			"from": [3.5, -16, 9],
			"to": [3.5, 4, 12],
			"rotation": {"angle": 0, "axis": "y", "origin": [3.5, -6, 10.5]},
			"faces": {
				"north": {"uv": [0, 0, 0, 16], "texture": "#3"},
				"east": {"uv": [0, 0, 3, 16], "texture": "#3"},
				"south": {"uv": [0, 0, 0, 16], "texture": "#3"},
				"west": {"uv": [0, 0, 3, 16], "texture": "#3"},
				"up": {"uv": [0, 0, 0, 3], "rotation": 180, "texture": "#3"},
				"down": {"uv": [0, 0, 0, 3], "rotation": 180, "texture": "#3"}
			}
		},
		{
			"from": [2, -16, 10.5],
			"to": [5, 4, 10.5],
			"rotation": {"angle": 0, "axis": "y", "origin": [3.5, -6, 10.5]},
			"faces": {
				"north": {"uv": [0, 0, 3, 16], "texture": "#3"},
				"east": {"uv": [0, 0, 0, 16], "texture": "#3"},
				"south": {"uv": [0, 0, 3, 16], "texture": "#3"},
				"west": {"uv": [0, 0, 0, 16], "texture": "#3"},
				"up": {"uv": [0, 0, 0, 3], "rotation": 90, "texture": "#3"},
				"down": {"uv": [0, 0, 0, 3], "rotation": 270, "texture": "#3"}
			}
		}
	],
	"display": {
		"fixed": {
			"rotation": [-90, 0, 0],
			"translation": [0, 0, 8]
		}
	},
	"groups": [
		{
			"name": "lily_4",
			"origin": [4, 11, 9.5],
			"children": [
				{
					"name": "group",
					"origin": [4, 11, 9.5],
					"children": [0, 1]
				},
				{
					"name": "group",
					"origin": [4, 11, 9.5],
					"children": [2, 3]
				},
				{
					"name": "group",
					"origin": [4, 11, 9.5],
					"children": [4, 5]
				},
				{
					"name": "group",
					"origin": [4, 11, 9.5],
					"children": [6, 7]
				},
				{
					"name": "group",
					"origin": [4, 11, 9.5],
					"children": [8, 9]
				},
				{
					"name": "group",
					"origin": [4, 11, 9.5],
					"children": [10, 11]
				}
			]
		}
	]
}