{
	"credit": "Vanilla Additions Resource Pack by JustTimm - https://twitter.com/JT_Additions",
	"textures": {
		"particle": "#texture"
	},
	"elements": [
		{
			"name": "1",
			"from": [12, 0, 4],
			"to": [20, 16, 12],
			"faces": {
				"north": {"uv": [0, 0, 8, 16], "texture": "#1"},
				"east": {"uv": [0, 0, 8, 16], "texture": "#1"},
				"south": {"uv": [0, 0, 8, 16], "texture": "#1"},
				"west": {"uv": [0, 0, 8, 16], "texture": "#1"},
				"up": {"uv": [0, 0, 8, 8], "texture": "#0"},
				"down": {"uv": [0, 0, 8, 8], "texture": "#2"}
			}
		},
		{
			"name": "2",
			"from": [-4, 0, 4],
			"to": [4, 16, 12],
			"faces": {
				"north": {"uv": [4, 0, 12, 16], "texture": "#1"},
				"east": {"uv": [4, 0, 12, 16], "texture": "#1"},
				"south": {"uv": [4, 0, 12, 16], "texture": "#1"},
				"west": {"uv": [4, 0, 12, 16], "texture": "#1"},
				"up": {"uv": [4, 0, 12, 8], "texture": "#0"},
				"down": {"uv": [4, 0, 12, 8], "texture": "#2"}
			}
		},
		{
			"name": "3",
			"from": [4, 0, 5],
			"to": [12, 14, 11],
			"faces": {
				"north": {"uv": [4, 0, 12, 14], "texture": "#1"},
				"south": {"uv": [4, 0, 12, 14], "texture": "#1"},
				"up": {"uv": [4, 2, 12, 8], "texture": "#0"},
				"down": {"uv": [4, 2, 12, 8], "texture": "#2"}
			}
		}
	],
	"display": {
		"thirdperson_righthand": {
			"rotation": [75, 145, 0],
			"translation": [-2, 2.5, 0],
			"scale": [0.375, 0.375, 0.375]
		},
		"thirdperson_lefthand": {
			"rotation": [75, 145, 0],
			"translation": [-2, 2.5, 0],
			"scale": [0.375, 0.375, 0.375]
		},
		"firstperson_righthand": {
			"rotation": [0, -76, 0],
			"scale": [0.4, 0.4, 0.4]
		},
		"firstperson_lefthand": {
			"rotation": [0, -76, 0],
			"scale": [0.4, 0.4, 0.4]
		},
		"ground": {
			"translation": [0, 3, 0],
			"scale": [0.25, 0.25, 0.25]
		},
		"gui": {
			"rotation": [30, 133, 0],
			"scale": [0.6, 0.6, 0.6]
		},
		"head": {
			"scale": [0, 0, 0]
		},
		"fixed": {
			"scale": [0.5, 0.5, 0.5]
		}
	}
}