{
  "pools": [
    {
      "rolls": {
        "min": 1,
        "max": 3
      },
      "entries": [
	          {
          "type": "minecraft:item",
          "weight": 9,
          "quality": -1,
          "name": "minecraft:glistering_melon_slice",
          "functions": [
            {
              "function": "minecraft:set_count",
              "count": {
                "min": 1,
                "max": 3
              }
            }
          ]
        },
        {
          "type": "minecraft:item",
          "weight": 5,
          "quality": 1,
          "name": "minecraft:diamond_sword",
          "functions": [
            {
              "function": "minecraft:set_nbt",
              "tag": "{display:{Lore:['[{\"text\":\"Slow II\",\"italic\":false,\"color\":\"gray\"}]','[{\"text\":\"End breaker\",\"italic\":false,\"color\":\"gray\"}]','[{\"text\":\"Wither II\",\"italic\":false,\"color\":\"gray\"}]']}}",
              "conditions": [
                {
                  "condition": "minecraft:random_chance",
                  "chance": 0.5
                }
              ]
            },
            {
              "function": "minecraft:enchant_with_levels",
              "levels": {
                "min": 20,
                "max": 30
              }
            }
          ]
        },
        {
          "type": "minecraft:item",
          "weight": 5,
          "quality": -1,
          "name": "minecraft:knowledge_book",
          "functions": [
            {
              "function": "minecraft:set_nbt",
              "tag": "{CustomModelData:10000003,display:{Name:'[{\"text\":\"End diamond\",\"italic\":false,\"color\":\"#ff33ff\"}]'},dia:1,Enchantments:[{}]}"
            }
          ]
        },
        {
          "type": "minecraft:item",
          "weight": 5,
          "quality": 2,
          "name": "minecraft:netherite_helmet",
          "functions": [
            {
              "function": "minecraft:set_nbt",
              "tag": "{love:1,display:{Lore:['[{\"text\":\"Protector\",\"italic\":false,\"color\":\"gray\"}]']},Enchantments:[{}]}",
              "conditions": [
                {
                  "condition": "minecraft:random_chance",
                  "chance": 0.7
                }
              ]
            },
            {
              "function": "minecraft:enchant_with_levels",
              "levels": 30
            }
          ]
        },
        {
          "type": "minecraft:item",
          "weight": 10,
          "quality": -1,
          "name": "minecraft:shulker_box"
        },
        {
          "type": "minecraft:item",
          "weight": 7,
          "quality": -2,
          "name": "minecraft:netherite_sword",
          "functions": [
            {
              "function": "minecraft:set_damage",
              "damage": {
                "min": 0.1,
                "max": 1
              }
            },
            {
              "function": "minecraft:set_nbt",
              "tag": "{display:{Lore:['[{\"text\":\"Slow II\",\"italic\":false,\"color\":\"gray\"}]']},Enchantments:[{}],slow:2}",
              "conditions": [
                {
                  "condition": "minecraft:random_chance",
                  "chance": 0.5
                }
              ]
            },
            {
              "function": "minecraft:enchant_with_levels",
              "levels": {
                "min": 20,
                "max": 30
              }
            }
          ]
        },
        {
          "type": "minecraft:item",
          "weight": 5,
          "quality": 1,
          "name": "minecraft:book",
          "functions": [
            {
              "function": "minecraft:set_count",
              "count": {
                "min": 2,
                "max": 4
              }
            },
            {
              "function": "minecraft:enchant_with_levels",
              "levels": 30
            }
          ]
        },
        {
          "type": "minecraft:item",
          "weight": 1,
          "quality": 1,
          "name": "minecraft:elytra",
          "functions": [
            {
              "function": "minecraft:enchant_with_levels",
              "levels": {
                "min": 1,
                "max": 30
              }
            },
            {
              "function": "minecraft:set_nbt",
              "tag": "{Unbreakable:1,AttributeModifiers:[{AttributeName:\"generic.armor\",Amount:9,Slot:chest,Name:\"generic.armor\",UUID:[I;-121714,26485,1544,-52970]},{AttributeName:\"generic.armor_toughness\",Amount:5,Slot:chest,Name:\"generic.armor_toughness\",UUID:[I;-121714,26585,1544,-53170]},{AttributeName:\"generic.knockback_resistance\",Amount:3,Slot:chest,Name:\"generic.knockback_resistance\",UUID:[I;-121714,26685,1544,-53370]}],display:{Name:'[{\"text\":\"N\",\"italic\":false,\"color\":\"#777777\"},{\"text\":\"e\",\"color\":\"gray\"},{\"text\":\"t\",\"color\":\"777777\"},{\"text\":\"her\",\"color\":\"#333333\"},{\"text\":\"i\",\"color\":\"777777\"},{\"text\":\"t\",\"color\":\"gray\"},{\"text\":\"e\",\"color\":\"777777\"},{\"text\":\" elytra\",\"color\":\"333333\"}]'}}"
            }
          ]
        },
        {
          "type": "minecraft:item",
          "weight": 3,
          "quality": 1,
          "name": "minecraft:netherite_ingot",
          "functions": [
            {
              "function": "minecraft:set_count",
              "count": {
                "min": 1,
                "max": 5
              }
            }
          ]
        }
      ]
    }
  ]
}
