{
  "pools": [
    {
      "rolls": {
        "min": 1,
        "max": 2
      },
      "entries": [
	          {
          "type": "minecraft:item",
          "weight": 8,
          "quality": -5,
          "name": "minecraft:iron_helmet",
          "functions": [
            {
              "function": "minecraft:enchant_with_levels",
              "levels": 30
            },
            {
              "function": "minecraft:set_nbt",
              "tag": "{love:1,display:{Lore:['[{\"text\":\"Protector\",\"italic\":false,\"color\":\"gray\"}]']},Enchantments:[{}]}",
              "conditions": [
                {
                  "condition": "minecraft:random_chance",
                  "chance": 0.2
                }
              ]
            }
          ]
        },
	          {
          "type": "minecraft:item",
          "weight": 7,
          "quality": -2,
          "name": "minecraft:emerald",
          "functions": [
            {
              "function": "minecraft:set_nbt",
              "tag": "{Unbreakable:1,AttributeModifiers:[{AttributeName:\"generic.luck\",Amount:1,Slot:offhand,Name:\"generic.luck\",UUID:[I;-121712,16291,151653,-32582]}],display:{Name:'[{\"text\":\"Lucky gem\",\"italic\":true,\"color\":\"green\",\"bold\":true}]'},Enchantments:[{id:vanishing_curse,lvl:1}]}",
              "conditions": [
                {
                  "condition": "minecraft:random_chance",
                  "chance": 0.8
                }
              ]
            }
          ]
        },
        {
          "type": "minecraft:item",
          "weight": 6,
          "quality": 1,
          "name": "minecraft:elytra",
          "functions": [
            {
              "function": "minecraft:enchant_randomly",
              "enchantments": [
                "minecraft:mending"
              ],
              "conditions": [
                {
                  "condition": "minecraft:random_chance",
                  "chance": 0.7
                }
              ]
            },
            {
              "function": "minecraft:enchant_with_levels",
              "levels": 30
            },
            {
              "function": "minecraft:set_damage",
              "damage": {
                "min": 0.1,
                "max": 1
              }
            }
          ]
        },
        {
          "type": "minecraft:item",
          "weight": 7,
          "quality": -1,
          "name": "minecraft:phantom_membrane"
        },
        {
          "type": "minecraft:item",
          "weight": 5,
          "quality": -1,
          "name": "minecraft:diamond_axe",
          "functions": [
            {
              "function": "minecraft:set_attributes",
              "modifiers": [
                {
                  "attribute": "minecraft:generic.attack_knockback",
                  "name": "",
                  "amount": 2,
                  "operation": "addition",
                  "slot": "mainhand"
                }
              ]
            },
            {
              "function": "minecraft:set_nbt",
              "tag": "{display:{Lore:['[{\"text\":\"Power breaker\",\"italic\":false,\"color\":\"gray\"}]']},Enchantments:[{}],endk:1}",
              "conditions": [
                {
                  "condition": "minecraft:random_chance",
                  "chance": 0.7
                }
              ]
            }
          ]
        },
        {
          "type": "minecraft:item",
          "weight": 1,
          "quality": 0,
          "name": "minecraft:nether_star"
        },
        {
          "type": "minecraft:item",
          "weight": 4,
          "quality": -1,
          "name": "minecraft:diamond_chestplate",
          "functions": [
            {
              "function": "minecraft:enchant_randomly"
            },
            {
              "function": "minecraft:enchant_with_levels",
              "levels": {
                "min": 10,
                "max": 20
              }
            },
            {
              "function": "minecraft:set_nbt",
              "tag": "{Unbreakable:1}",
              "conditions": [
                {
                  "condition": "minecraft:random_chance",
                  "chance": 0.4
                }
              ]
            }
          ]
        },
        {
          "type": "minecraft:item",
          "weight": 1,
          "quality": 3,
          "name": "minecraft:enchanted_golden_apple"
        },
        {
          "type": "minecraft:item",
          "weight": 8,
          "quality": -1,
          "name": "minecraft:spyglass"
        },
        {
          "type": "minecraft:item",
          "weight": 7,
          "quality": -1,
          "name": "minecraft:book",
          "functions": [
            {
              "function": "minecraft:set_count",
              "count": {
                "min": 1,
                "max": 2
              }
            },
            {
              "function": "minecraft:enchant_with_levels",
              "levels": {
                "min": 20,
                "max": 30
              }
            }
          ]
        },
        {
          "type": "minecraft:item",
          "weight": 10,
          "quality": -1,
          "name": "minecraft:trident",
          "functions": [
            {
              "function": "minecraft:set_nbt",
              "tag": "{display:{Lore:['[{\"text\":\"Power breaker\",\"italic\":false,\"color\":\"gray\"}]']},Enchantments:[{}],endk:1}",
              "conditions": [
                {
                  "condition": "minecraft:random_chance",
                  "chance": 0.7
                }
              ]
            },
            {
              "function": "minecraft:enchant_with_levels",
              "levels": 30
            }
          ]
        },
        {
          "type": "minecraft:item",
          "weight": 15,
          "quality": -2,
          "name": "minecraft:gold_ingot",
          "functions": [
            {
              "function": "minecraft:set_count",
              "count": {
                "min": 5,
                "max": 10
              }
            }
          ]
        }
      ]
    }
  ]
}
