{
  "pools": [
    {
      "rolls": {
        "min": 1,
        "max": 2
      },
      "bonus_rolls": {
        "min": 3,
        "max": 4
      },
      "entries": [
        {
          "type": "minecraft:item",
          "weight": 10,
          "quality": -5,
          "name": "minecraft:iron_nugget",
          "functions": [
            {
              "function": "minecraft:set_count",
              "count": {
                "min": 1,
                "max": 5
              }
            }
          ]
        },
        {
          "type": "minecraft:item",
          "weight": 8,
          "quality": -1,
          "name": "minecraft:rabbit_spawn_egg",
          "functions": [
            {
              "function": "minecraft:set_nbt",
              "tag": "{CustomModelData:10000001,EntityTag:{Silent:1b,Tags:[\"crp\"],ActiveEffects:[{Id:14b,Amplifier:1b,Duration:99999,ShowParticles:0b}]},display:{Name:'[{\"text\":\"En\",\"italic\":false,\"color\":\"light_purple\"},{\"text\":\"der\",\"color\":\"dark_purple\"},{\"text\":\" cra\"},{\"text\":\"fting \",\"color\":\"dark_purple\"},{\"text\":\"t\"},{\"text\":\"able\",\"color\":\"#9900ff\"}]'}}"
            }
          ]
        },
        {
          "type": "minecraft:item",
          "weight": 7,
          "quality": 1,
          "name": "minecraft:golden_apple",
          "functions": [
            {
              "function": "minecraft:set_count",
              "count": {
                "min": 2,
                "max": 4
              }
            }
          ]
        },
        {
          "type": "minecraft:item",
          "weight": 2,
          "quality": -1,
          "name": "minecraft:totem_of_undying"
        },
        {
          "type": "minecraft:item",
          "weight": 4,
          "quality": -1,
          "name": "minecraft:shield",
          "functions": [
            {
              "function": "minecraft:set_damage",
              "damage": {
                "min": 0.1,
                "max": 1
              }
            },
            {
              "function": "minecraft:set_nbt",
              "tag": "{BlockEntityTag:{Base:3,Patterns:[{Color:0,Pattern:\"gra\"},{Color:3,Pattern:\"gru\"},{Color:0,Pattern:\"dls\"},{Color:3,Pattern:\"gru\"},{Color:0,Pattern:\"gra\"},{Color:4,Pattern:\"bo\"}]},AttributeModifiers:[{AttributeName:\"generic.knockback_resistance\",Amount:0.2,Slot:offhand,Name:\"generic.knockback_resistance\",UUID:[I;-121714,30269,141457,-60538]},{AttributeName:\"generic.luck\",Amount:0.1,Slot:offhand,Operation:1,Name:\"generic.luck\",UUID:[I;-121714,30369,141457,-60738]}],display:{Name:'[{\"text\":\"Gol\",\"italic\":false,\"color\":\"gold\"},{\"text\":\"den\",\"color\":\"yellow\"},{\"text\":\" shi\"},{\"text\":\"el\",\"color\":\"yellow\"},{\"text\":\"d\",\"color\":\"#ccff33\"}]'}}"
            }
          ]
        },
        {
          "type": "minecraft:item",
          "weight": 8,
          "quality": -1,
          "name": "minecraft:lapis_lazuli",
          "functions": [
            {
              "function": "minecraft:set_count",
              "count": {
                "min": 2,
                "max": 4
              }
            }
          ]
        },
        {
          "type": "minecraft:item",
          "weight": 7,
          "quality": -1,
          "name": "minecraft:netherite_scrap",
          "functions": [
            {
              "function": "minecraft:set_count",
              "count": {
                "min": 1,
                "max": 5
              }
            }
          ]
        },
        {
          "type": "minecraft:item",
          "weight": 5,
          "quality": 1,
          "name": "minecraft:quartz",
          "functions": [
            {
              "function": "minecraft:set_nbt",
              "tag": "{AttributeModifiers:[{AttributeName:\"generic.movement_speed\",Amount:0.1,Slot:offhand,Name:\"generic.movement_speed\",UUID:[I;-121714,8963,141112,-17926]},{AttributeName:\"generic.attack_speed\",Amount:4,Slot:offhand,Name:\"generic.attack_speed\",UUID:[I;-121714,9063,141112,-18126]}],display:{Name:'[{\"text\":\"S\",\"italic\":false,\"color\":\"#888888\"},{\"text\":\"p\",\"color\":\"gray\"},{\"text\":\"e\",\"color\":\"#cccccc\"},{\"text\":\"e\",\"color\":\"gray\"},{\"text\":\"dy min\",\"color\":\"888888\"},{\"text\":\"e\",\"color\":\"gray\"},{\"text\":\"r\",\"color\":\"#bbbbbb\"},{\"text\":\"a\",\"color\":\"gray\"},{\"text\":\"l\",\"color\":\"888888\"}]'},Enchantments:[{}]}"
            }
          ]
        },
        {
          "type": "minecraft:item",
          "weight": 4,
          "quality": 2,
          "name": "minecraft:iron_sword",
          "functions": [
            {
              "function": "minecraft:set_damage",
              "damage": {
                "min": 0.1,
                "max": 1
              }
            },
            {
              "function": "minecraft:enchant_with_levels",
              "levels": {
                "min": 1,
                "max": 2
              }
            },
            {
              "function": "minecraft:set_nbt",
              "tag": "{display:{Lore:['[{\"text\":\"Power breaker\",\"italic\":false,\"color\":\"gray\"}]']},Enchantments:[{}],endk:1}",
              "conditions": [
                {
                  "condition": "minecraft:random_chance",
                  "chance": 0.2
                }
              ]
            }
          ]
        }
      ]
    }
  ]
}
