{
    "__comment": "Made with TheDestruc7i0n's advancements generator: https://advancements.thedestruc7i0n.ca",
    "display": {
        "title": {
            "text": "Oh ya big",
            "color": "green"
        },
        "description": {
            "text": "Discover a boss",
            "color": "gray",
            "italic": true
        },
        "icon": {
            "item": "minecraft:dragon_head"
        },
        "frame": "task",
        "show_toast": true,
        "announce_to_chat": true,
        "hidden": false
    },
    "criteria": {
        "nu": {
            "trigger": "minecraft:impossible"
        }
    },
    "parent": "the_dungeon:first_s"
}