{
    "__comment": "Made with TheDestruc7i0n's advancements generator: https://advancements.thedestruc7i0n.ca",
    "display": {
        "title": {
            "text": "Bro.. What did ya have?",
            "color": "blue"
        },
        "description": {
            "text": "Collect a strange artifact",
            "color": "gray",
            "italic": true
        },
        "icon": {
            "item": "minecraft:knowledge_book",
            "nbt": "{CustomModelData:10000001}"
        },
        "frame": "task",
        "show_toast": true,
        "announce_to_chat": true,
        "hidden": false
    },
    "criteria": {
        "eye": {
            "trigger": "minecraft:inventory_changed",
            "conditions": {
                "items": [
                    {
                        "nbt": "{open:1}"
                    }
                ]
            }
        }
    },
    "rewards": {
        "experience": 10
    },
    "parent": "the_dungeon:root"
}