{
    "__comment": "Made with TheDestruc7i0n's advancements generator: https://advancements.thedestruc7i0n.ca",
    "display": {
        "title": {
            "text": "Another table?",
            "color": "light_purple"
        },
        "description": {
            "text": "Find an Ender crafting table",
            "color": "gray",
            "italic": true
        },
        "icon": {
            "item": "minecraft:rabbit_spawn_egg",
            "nbt": "{CustomModelData:10000001}"
        },
        "frame": "task",
        "show_toast": true,
        "announce_to_chat": true,
        "hidden": false
    },
		"criteria": {
		"crafting": {
		"trigger": "minecraft:inventory_changed",
			"conditions": {
			"items": [
          {
            "items": [
              "minecraft:rabbit_spawn_egg"
            ],
            "nbt": "{CustomModelData:10000001}"
          }
        ]
      }
    }
  },
    "parent": "the_dungeon:first_s"
}