{
    "__comment": "Made with TheDestruc7i0n's advancements generator: https://advancements.thedestruc7i0n.ca",
    "display": {
        "title": {
            "text": "Dude, chill!",
            "color": "dark_blue",
            "bold": true,
            "italic": true
        },
        "description": {
            "text": "Reach the 1000th room",
            "color": "gray",
            "bold": false,
            "italic": true
        },
        "icon": {
            "item": "minecraft:netherite_block"
        },
        "frame": "task",
        "show_toast": true,
        "announce_to_chat": true,
        "hidden": false
    },
    "criteria": {
        "lol": {
            "trigger": "minecraft:impossible"
        }
    },
    "parent": "the_dungeon:master"
}