{
    "__comment": "Made with TheDestruc7i0n's advancements generator: https://advancements.thedestruc7i0n.ca",
    "display": {
        "title": {
            "text": "Imma head out",
            "color": "aqua",
            "bold": true
        },
        "description": {
            "text": "Leave the dungeon",
            "color": "gray",
            "italic": true
        },
        "icon": {
            "item": "minecraft:oak_door"
        },
        "frame": "task",
        "show_toast": true,
        "announce_to_chat": true,
        "hidden": false
    },
    "criteria": {
        "nu": {
            "trigger": "minecraft:impossible"
        }
    },
    "parent": "the_dungeon:first_s"
}