{
    "__comment": "Made with TheDestruc7i0n's advancements generator: https://advancements.thedestruc7i0n.ca",
    "display": {
        "title": {
            "text": "Neat!",
            "color": "dark_gray"
        },
        "description": {
            "text": "Power up a weapon with the End breaker enchantment",
            "color": "gray",
            "italic": true
        },
        "icon": {
            "item": "minecraft:netherite_sword",
            "nbt": "{Enchantments:[{}]}"
        },
        "frame": "task",
        "show_toast": true,
        "announce_to_chat": true,
        "hidden": true
    },
    "criteria": {
        "nu": {
            "trigger": "minecraft:impossible"
        }
    },
    "rewards": {
        "experience": 150
    },
    "parent": "the_dungeon:crafting"
}