{
    "__comment": "Made with TheDestruc7i0n's advancements generator: https://advancements.thedestruc7i0n.ca",
    "display": {
        "title": {
            "text": "The first steps",
            "color": "dark_red"
        },
        "description": {
            "text": "Enter the dungeon",
            "color": "gray",
            "italic": true
        },
        "icon": {
            "item": "minecraft:netherite_boots"
        },
        "frame": "task",
        "show_toast": true,
        "announce_to_chat": true,
        "hidden": true
    },
    "criteria": {
        "no": {
            "trigger": "minecraft:impossible"
        }
    },
    "rewards": {
        "experience": 100
    },
    "parent": "the_dungeon:bro"
}