{
    "__comment": "Made with TheDestruc7i0n's advancements generator: https://advancements.thedestruc7i0n.ca",
    "display": {
        "title": {
            "text": "Master traveller",
            "color": "light_purple",
            "underlined": true
        },
        "description": {
            "text": "Reach the 100th room",
            "color": "gray",
            "italic": true
        },
        "icon": {
            "item": "minecraft:diamond_boots",
            "nbt": "{Enchantments:[{}]}"
        },
        "frame": "challenge",
        "show_toast": true,
        "announce_to_chat": true,
        "hidden": false
    },
    "criteria": {
        "no": {
            "trigger": "minecraft:impossible"
        }
    },
    "rewards": {
        "function": "1000"
    },
    "parent": "the_dungeon:veteran"
}