{
    "__comment": "Made with TheDestruc7i0n's advancements generator: https://advancements.thedestruc7i0n.ca",
    "display": {
        "title": {
            "text": "Its payback time!!",
            "color": "dark_purple",
            "bold": true,
            "italic": true,
            "underlined": true,
            "strikethrough": false
        },
        "description": {
            "text": "Kill a boosted mob with a weapon which has End breaker enchantment",
            "color": "gray",
            "italic": true
        },
        "icon": {
            "item": "minecraft:diamond_sword",
            "nbt": "{Enchantments:[{}]}"
        },
        "frame": "challenge",
        "show_toast": true,
        "announce_to_chat": true,
        "hidden": false
    },
  "criteria": {
    "alama": {
      "trigger": "minecraft:player_killed_entity",
      "conditions": {
        "player": {
          "equipment": {
            "mainhand": {
              "nbt": "{endk:1}"
            }
          }
        },
        "entity": {
          "nbt": "{Tags:[\"power\"]}"
        }
      }
    }
  }
}