{
    "__comment": "Made with TheDestruc7i0n's advancements generator: https://advancements.thedestruc7i0n.ca",
    "display": {
        "title": {
            "text": "Lil'Explorer",
            "color": "yellow"
        },
        "description": {
            "text": "Reach the 10th room",
            "color": "gray",
            "italic": true
        },
        "icon": {
            "item": "minecraft:leather_boots"
        },
        "frame": "task",
        "show_toast": true,
        "announce_to_chat": true,
        "hidden": false
    },
    "criteria": {
        "reach": {
            "trigger": "minecraft:impossible"
        }
    },
    "rewards": {
        "experience": 10
    },
    "parent": "the_dungeon:first_s"
}