{
    "__comment": "Made with TheDestruc7i0n's advancements generator: https://advancements.thedestruc7i0n.ca",
    "display": {
        "title": {
            "text": "Infinite dungeon",
            "color": "gold",
            "bold": true
        },
        "description": {
            "text": "Advancements",
            "color": "gray",
            "italic": true
        },
        "icon": {
            "item": "minecraft:end_stone"
        },
        "frame": "task",
        "show_toast": false,
        "announce_to_chat": false,
        "hidden": false,
        "background": "minecraft:textures/gui/advancements/backgrounds/stone.png"
    },
    "criteria": {
        "az": {
            "trigger": "minecraft:tick"
        }
    }
}