{
    "__comment": "Made with TheDestruc7i0n's advancements generator: https://advancements.thedestruc7i0n.ca",
    "display": {
        "title": {
            "text": "Get squashed!!",
            "color": "yellow"
        },
        "description": {
            "text": "KIll an Ender Might",
            "color": "gray",
            "italic": true
        },
        "icon": {
            "item": "minecraft:spider_eye"
        },
        "frame": "challenge",
        "show_toast": true,
        "announce_to_chat": true,
        "hidden": true
    },
    "criteria": {
        "ill": {
            "trigger": "minecraft:player_killed_entity",
            "conditions": {
                "entity": {
                    "nbt": "{Tags:[sp]}"
                }
            }
        }
    },
    "rewards": {
        "experience": 1500
    },
    "parent": "the_dungeon:beeg"
}