{
    "__comment": "Made with TheDestruc7i0n's advancements generator: https://advancements.thedestruc7i0n.ca",
    "display": {
        "title": {
            "text": "Unfair? Yes...",
            "color": "dark_red"
        },
        "description": {
            "text": "Get killed by a boosted mob",
            "color": "gray",
            "italic": true
        },
        "icon": {
            "item": "minecraft:zombie_head"
        },
        "frame": "task",
        "show_toast": true,
        "announce_to_chat": true,
        "hidden": false
    },
    "criteria": {
        "getrip": {
            "trigger": "minecraft:entity_killed_player",
            "conditions": {
                "entity": {
                    "nbt": "{Tags:[\"power\"]}"
                }
            }
        }
    },
    "parent": "the_dungeon:first_s"
}