{
    "__comment": "Made with TheDestruc7i0n's advancements generator: https://advancements.thedestruc7i0n.ca",
    "display": {
        "title": {
            "text": "Veteran explorer",
            "color": "dark_green"
        },
        "description": {
            "text": "Reach the 50th room",
            "color": "gray",
            "italic": true
        },
        "icon": {
            "item": "minecraft:golden_boots"
        },
        "frame": "task",
        "show_toast": true,
        "announce_to_chat": true,
        "hidden": false
    },
    "criteria": {
        "nu": {
            "trigger": "minecraft:impossible"
        }
    },
    "rewards": {
        "experience": 100
    },
    "parent": "the_dungeon:rookie"
}