{
	"credit": "Vanilla Additions Resource Pack by JustTimm - https://twitter.com/JT_Additions",
	"gui_light": "front",
	"textures": {
		"particle": "#texture"
	},
	"elements": [
		{
			"from": [5, 2, 7.4],
			"to": [13, 15, 8.4],
			"rotation": {"angle": 0, "axis": "y", "origin": [8, 7, 15.4]},
			"faces": {
				"north": {"uv": [5, 13, 13, 0], "rotation": 180, "texture": "#0"},
				"east": {"uv": [12, 0, 13, 13], "texture": "#0"},
				"south": {"uv": [5, 0, 13, 13], "texture": "#0"},
				"west": {"uv": [5, 0, 6, 13], "texture": "#0"},
				"up": {"uv": [13, 0, 5, 1], "rotation": 180, "texture": "#0"},
				"down": {"uv": [5, 12, 13, 13], "texture": "#0"}
			}
		},
		{
			"from": [13, 9, 7.4],
			"to": [15, 15, 8.4],
			"rotation": {"angle": 0, "axis": "y", "origin": [8, 7, 15.4]},
			"faces": {
				"north": {"uv": [13, 6, 15, 0], "rotation": 180, "texture": "#0"},
				"east": {"uv": [14, 0, 15, 6], "texture": "#0"},
				"south": {"uv": [13, 0, 15, 6], "texture": "#0"},
				"west": {"uv": [13, 0, 14, 6], "texture": "#0"},
				"up": {"uv": [15, 0, 13, 1], "rotation": 180, "texture": "#0"},
				"down": {"uv": [13, 5, 15, 6], "texture": "#0"}
			}
		},
		{
			"from": [4, 1, 7.4],
			"to": [5, 14, 8.4],
			"rotation": {"angle": 0, "axis": "y", "origin": [8, 7, 15.4]},
			"faces": {
				"north": {"uv": [4, 14, 5, 1], "rotation": 180, "texture": "#0"},
				"east": {"uv": [4, 1, 5, 14], "texture": "#0"},
				"south": {"uv": [4, 1, 5, 14], "texture": "#0"},
				"west": {"uv": [4, 1, 5, 14], "texture": "#0"},
				"up": {"uv": [5, 1, 4, 2], "rotation": 180, "texture": "#0"},
				"down": {"uv": [4, 13, 5, 14], "texture": "#0"}
			}
		},
		{
			"from": [15, 10, 7.4],
			"to": [16, 14, 8.4],
			"rotation": {"angle": 0, "axis": "y", "origin": [8, 7, 15.4]},
			"faces": {
				"north": {"uv": [15, 5, 16, 1], "rotation": 180, "texture": "#0"},
				"east": {"uv": [15, 1, 16, 5], "texture": "#0"},
				"south": {"uv": [15, 1, 16, 5], "texture": "#0"},
				"west": {"uv": [15, 1, 16, 5], "texture": "#0"},
				"up": {"uv": [16, 1, 15, 2], "rotation": 180, "texture": "#0"},
				"down": {"uv": [15, 4, 16, 5], "texture": "#0"}
			}
		},
		{
			"from": [2, 11, 7.4],
			"to": [4, 13, 8.4],
			"rotation": {"angle": 0, "axis": "y", "origin": [8, 7, 15.4]},
			"faces": {
				"north": {"uv": [2, 4, 4, 2], "rotation": 180, "texture": "#0"},
				"east": {"uv": [3, 2, 4, 4], "texture": "#0"},
				"south": {"uv": [2, 2, 4, 4], "texture": "#0"},
				"west": {"uv": [2, 2, 3, 4], "texture": "#0"},
				"up": {"uv": [4, 2, 2, 3], "rotation": 180, "texture": "#0"},
				"down": {"uv": [2, 3, 4, 4], "texture": "#0"}
			}
		},
		{
			"from": [1, 6, 7.4],
			"to": [2, 12, 8.4],
			"rotation": {"angle": 0, "axis": "y", "origin": [8, 7, 15.4]},
			"faces": {
				"north": {"uv": [1, 9, 2, 3], "rotation": 180, "texture": "#0"},
				"east": {"uv": [1, 3, 2, 9], "texture": "#0"},
				"south": {"uv": [1, 3, 2, 9], "texture": "#0"},
				"west": {"uv": [1, 3, 2, 9], "texture": "#0"},
				"up": {"uv": [2, 3, 1, 4], "rotation": 180, "texture": "#0"},
				"down": {"uv": [1, 8, 2, 9], "texture": "#0"}
			}
		},
		{
			"from": [0, 7, 7.4],
			"to": [1, 11, 8.4],
			"rotation": {"angle": 0, "axis": "y", "origin": [8, 7, 15.4]},
			"faces": {
				"north": {"uv": [0, 8, 1, 4], "rotation": 180, "texture": "#0"},
				"east": {"uv": [0, 4, 1, 8], "texture": "#0"},
				"south": {"uv": [0, 4, 1, 8], "texture": "#0"},
				"west": {"uv": [0, 4, 1, 8], "texture": "#0"},
				"up": {"uv": [1, 4, 0, 5], "rotation": 180, "texture": "#0"},
				"down": {"uv": [0, 7, 1, 8], "texture": "#0"}
			}
		},
		{
			"from": [2, 10, 7.4],
			"to": [3, 11, 8.4],
			"rotation": {"angle": 0, "axis": "y", "origin": [8, 7, 15.4]},
			"faces": {
				"north": {"uv": [2, 5, 3, 4], "rotation": 180, "texture": "#0"},
				"east": {"uv": [2, 4, 3, 5], "texture": "#0"},
				"south": {"uv": [2, 4, 3, 5], "texture": "#0"},
				"west": {"uv": [2, 4, 3, 5], "texture": "#0"},
				"up": {"uv": [3, 4, 2, 5], "rotation": 180, "texture": "#0"},
				"down": {"uv": [2, 4, 3, 5], "texture": "#0"}
			}
		},
		{
			"from": [3, 2, 7.4],
			"to": [4, 9, 8.4],
			"rotation": {"angle": 0, "axis": "y", "origin": [8, 7, 15.4]},
			"faces": {
				"north": {"uv": [3, 13, 4, 6], "rotation": 180, "texture": "#0"},
				"east": {"uv": [3, 6, 4, 13], "texture": "#0"},
				"south": {"uv": [3, 6, 4, 13], "texture": "#0"},
				"west": {"uv": [3, 6, 4, 13], "texture": "#0"},
				"up": {"uv": [4, 6, 3, 7], "rotation": 180, "texture": "#0"},
				"down": {"uv": [3, 12, 4, 13], "texture": "#0"}
			}
		},
		{
			"from": [2, 4, 7.4],
			"to": [3, 8, 8.4],
			"rotation": {"angle": 0, "axis": "y", "origin": [8, 7, 15.4]},
			"faces": {
				"north": {"uv": [2, 11, 3, 7], "rotation": 180, "texture": "#0"},
				"east": {"uv": [2, 7, 3, 11], "texture": "#0"},
				"south": {"uv": [2, 7, 3, 11], "texture": "#0"},
				"west": {"uv": [2, 7, 3, 11], "texture": "#0"},
				"up": {"uv": [3, 7, 2, 8], "rotation": 180, "texture": "#0"},
				"down": {"uv": [2, 10, 3, 11], "texture": "#0"}
			}
		},
		{
			"from": [13, 4, 7.4],
			"to": [14, 7, 8.4],
			"rotation": {"angle": 0, "axis": "y", "origin": [8, 7, 15.4]},
			"faces": {
				"north": {"uv": [13, 11, 14, 8], "rotation": 180, "texture": "#0"},
				"east": {"uv": [13, 8, 14, 11], "texture": "#0"},
				"south": {"uv": [13, 8, 14, 11], "texture": "#0"},
				"west": {"uv": [13, 8, 14, 11], "texture": "#0"},
				"up": {"uv": [14, 8, 13, 9], "rotation": 180, "texture": "#0"},
				"down": {"uv": [13, 10, 14, 11], "texture": "#0"}
			}
		},
		{
			"from": [5, 1, 7.4],
			"to": [12, 2, 8.4],
			"rotation": {"angle": 0, "axis": "y", "origin": [8, 7, 15.4]},
			"faces": {
				"north": {"uv": [5, 14, 12, 13], "rotation": 180, "texture": "#0"},
				"east": {"uv": [11, 13, 12, 14], "texture": "#0"},
				"south": {"uv": [5, 13, 12, 14], "texture": "#0"},
				"west": {"uv": [5, 13, 6, 14], "texture": "#0"},
				"up": {"uv": [12, 13, 5, 14], "rotation": 180, "texture": "#0"},
				"down": {"uv": [5, 13, 12, 14], "texture": "#0"}
			}
		},
		{
			"from": [6, 0, 7.4],
			"to": [10, 1, 8.4],
			"rotation": {"angle": 0, "axis": "y", "origin": [8, 7, 15.4]},
			"faces": {
				"north": {"uv": [6, 15, 10, 14], "rotation": 180, "texture": "#0"},
				"east": {"uv": [9, 14, 10, 15], "texture": "#0"},
				"south": {"uv": [6, 14, 10, 15], "texture": "#0"},
				"west": {"uv": [6, 14, 7, 15], "texture": "#0"},
				"up": {"uv": [10, 14, 6, 15], "rotation": 180, "texture": "#0"},
				"down": {"uv": [6, 14, 10, 15], "texture": "#0"}
			}
		}
	],
	"display": {
		"thirdperson_righthand": {
			"translation": [0, 2.75, 1],
			"scale": [0.4, 0.4, 0.4]
		},
		"thirdperson_lefthand": {
			"translation": [0, 2.75, 1],
			"scale": [0.4, 0.4, 0.4]
		},
		"firstperson_righthand": {
			"rotation": [0, -90, 25],
			"translation": [0.63, 3.7, 2.13],
			"scale": [0.4, 0.4, 0.4]
		},
		"firstperson_lefthand": {
			"rotation": [0, -90, 25],
			"translation": [0.63, 3.7, 2.13],
			"scale": [0.4, 0.4, 0.4]
		},
		"ground": {
            "rotation": [ 90, 0, 0 ],
            "translation": [ 0, 0.5, 0.3],
            "scale":[ 0.5, 0.5, 0.5 ]
		},
		"gui": {
			"translation": [0, 0.25, 0],
			"scale": [0.9, 0.9, 0.9]
		},
		"head": {
			"scale": [0, 0, 0]
		},
		"fixed": {
			"rotation": [0, 180, 0],
			"translation": [0, 0.5, 0]
		}
	}
}