{
  "pools": [
    {
      "rolls": {
        "min": 1,
        "max": 4
      },
      "entries": [
	          {
          "type": "minecraft:item",
          "weight": 6,
          "quality": -2,
          "name": "minecraft:crossbow",
          "functions": [
            {
              "function": "minecraft:set_damage",
              "damage": {
                "min": 0.1,
                "max": 1
              }
            },
            {
              "function": "minecraft:enchant_with_levels",
              "levels": {
                "min": 10,
                "max": 30
              }
            }
          ]
        },
	          {
          "type": "minecraft:item",
          "weight": 5,
          "quality": 1,
          "name": "minecraft:emerald",
          "functions": [
            {
              "function": "minecraft:set_count",
              "count": {
                "min": 1,
                "max": 3
              }
            }
          ]
        },
        {
          "type": "minecraft:item",
          "weight": 14,
          "quality": -5,
          "name": "minecraft:iron_nugget",
          "functions": [
            {
              "function": "minecraft:set_count",
              "count": {
                "min": 1,
                "max": 3
              }
            }
          ]
        },
        {
          "type": "minecraft:item",
          "weight": 4,
          "quality": 1,
          "name": "minecraft:shield",
          "functions": [
            {
              "function": "minecraft:set_nbt",
              "tag": "{BlockEntityTag:{Base:10,Patterns:[{Color:15,Pattern:\"cre\"},{Color:11,Pattern:\"gra\"},{Color:15,Pattern:\"cr\"},{Color:15,Pattern:\"sku\"},{Color:15,Pattern:\"bo\"}]},AttributeModifiers:[{AttributeName:\"generic.movement_speed\",Amount:-0.02,Slot:offhand,Name:\"generic.movement_speed\",UUID:[I;-121712,6786,183425,-13572]},{AttributeName:\"generic.armor\",Amount:2,Slot:offhand,Name:\"generic.armor\",UUID:[I;-121712,6886,183425,-13772]}],display:{Name:'[{\"text\":\"Heavy shield\",\"italic\":false,\"color\":\"dark_gray\"}]'}}"
            }
          ]
        },
        {
          "type": "minecraft:item",
          "weight": 4,
          "quality": 1,
          "name": "minecraft:iron_chestplate",
          "functions": [
            {
              "function": "minecraft:enchant_with_levels",
              "levels": {
                "min": 1,
                "max": 15
              }
            }
          ]
        },
        {
          "type": "minecraft:item",
          "weight": 7,
          "quality": 1,
          "name": "minecraft:iron_helmet",
          "functions": [
            {
              "function": "minecraft:enchant_with_levels",
              "levels": {
                "min": 1,
                "max": 15
              }
            }
          ]
        },
        {
          "type": "minecraft:item",
          "weight": 7,
          "name": "minecraft:shield",
          "functions": [
            {
              "function": "minecraft:set_damage",
              "damage": {
                "min": 0.1,
                "max": 1
              }
            }
          ]
        },
        {
          "type": "minecraft:item",
          "weight": 5,
          "quality": 1,
          "name": "minecraft:potion",
          "functions": [
            {
              "function": "minecraft:set_nbt",
              "tag": "{CustomPotionColor:16763904,display:{Name:'[{\"text\":\"Little \",\"italic\":false,\"color\":\"gold\"},{\"text\":\"shield\",\"color\":\"yellow\"}]'},CustomPotionEffects:[{Id:22,Duration:400,Amplifier:1},{Id:10,Duration:200}]}"
            }
          ]
        },
        {
          "type": "minecraft:item",
          "weight": 5,
          "name": "minecraft:stone_sword",
          "functions": [
            {
              "function": "minecraft:set_damage",
              "damage": {
                "min": 0.1,
                "max": 1
              }
            },
            {
              "function": "minecraft:enchant_with_levels",
              "levels": 30
            }
          ]
        },
        {
          "type": "minecraft:item",
          "weight": 15,
          "quality": 1,
          "name": "minecraft:arrow",
          "functions": [
            {
              "function": "minecraft:set_count",
              "count": {
                "min": 1,
                "max": 10
              }
            }
          ]
        }
      ]
    }
  ]
}
