{
  "pools": [
    {
      "rolls": {
        "min": 1,
        "max": 3
      },
      "entries": [
	          {
          "type": "minecraft:item",
          "weight": 4,
          "quality": 1,
          "name": "minecraft:lapis_lazuli",
          "functions": [
            {
              "function": "minecraft:set_nbt",
              "tag": "{AttributeModifiers:[{AttributeName:\"generic.armor\",Amount:7,Slot:offhand,Name:\"generic.armor\",UUID:[I;-121714,30904,94332,-61808]},{AttributeName:\"generic.armor_toughness\",Amount:5,Slot:offhand,Name:\"generic.armor_toughness\",UUID:[I;-121714,31004,94332,-62008]},{AttributeName:\"generic.knockback_resistance\",Amount:1,Slot:offhand,Name:\"generic.knockback_resistance\",UUID:[I;-121714,31104,94332,-62208]}],display:{Name:'[{\"text\":\"Pro\",\"italic\":false,\"color\":\"dark_blue\"},{\"text\":\"t\",\"color\":\"#0033ff\"},{\"text\":\"e\",\"color\":\"#0066ff\"},{\"text\":\"c\",\"color\":\"#0033ff\"},{\"text\":\"tor \"},{\"text\":\"g\",\"color\":\"#0066ff\"},{\"text\":\"e\",\"color\":\"#0099ff\"},{\"text\":\"m\",\"color\":\"#0033ff\"}]'},Enchantments:[{}]}"
            }
          ]
        },
	          {
          "type": "minecraft:item",
          "weight": 4,
          "quality": 1,
          "name": "minecraft:trident",
          "functions": [
            {
              "function": "minecraft:set_damage",
              "damage": {
                "min": 0.1,
                "max": 1
              }
            },
            {
              "function": "minecraft:enchant_with_levels",
              "levels": {
                "min": 1,
                "max": 15
              }
            }
          ]
        },
        {
          "type": "minecraft:item",
          "weight": 6,
          "quality": -1,
          "name": "minecraft:bow",
          "functions": [
            {
              "function": "minecraft:set_damage",
              "damage": {
                "min": 0.1,
                "max": 0.3
              }
            },
            {
              "function": "minecraft:enchant_with_levels",
              "levels": {
                "min": 10,
                "max": 30
              }
            }
          ]
        },
        {
          "type": "minecraft:item",
          "weight": 6,
          "quality": 1,
          "name": "minecraft:diamond",
          "functions": [
            {
              "function": "minecraft:set_count",
              "count": {
                "min": 1,
                "max": 3
              }
            }
          ]
        },
        {
          "type": "minecraft:item",
          "weight": 4,
          "quality": 1,
          "name": "minecraft:diamond_leggings",
          "functions": [
            {
              "function": "minecraft:set_damage",
              "damage": {
                "min": 0.5,
                "max": 0.8
              }
            },
            {
              "function": "minecraft:set_nbt",
              "tag": "{display:{Lore:['[{\"text\":\"Fortress\",\"italic\":false,\"color\":\"gray\"}]']},Enchantments:[{}],fort:1}",
              "conditions": [
                {
                  "condition": "minecraft:random_chance",
                  "chance": 0.8
                }
              ]
            },
            {
              "function": "minecraft:enchant_with_levels",
              "levels": {
                "min": 20,
                "max": 30
              }
            }
          ]
        },
	          {
          "type": "minecraft:item",
          "weight": 6,
          "name": "minecraft:diamond_chestplate",
          "functions": [
            {
              "function": "minecraft:set_damage",
              "damage": {
                "min": 0.7,
                "max": 1
              }
            },
            {
              "function": "minecraft:enchant_with_levels",
              "levels": {
                "min": 20,
                "max": 30
              }
            }
          ]
        },
	          {
          "type": "minecraft:item",
          "weight": 6,
          "name": "minecraft:diamond_helmet",
          "functions": [
            {
              "function": "minecraft:set_damage",
              "damage": {
                "min": 0.7,
                "max": 1
              }
            },
            {
              "function": "minecraft:enchant_with_levels",
              "levels": {
                "min": 20,
                "max": 30
              }
            }
          ]
        },
        {
          "type": "minecraft:item",
          "weight": 6,
          "name": "minecraft:diamond_sword",
          "functions": [
            {
              "function": "minecraft:set_damage",
              "damage": {
                "min": 0.7,
                "max": 1
              }
            },
            {
              "function": "minecraft:enchant_with_levels",
              "levels": {
                "min": 20,
                "max": 30
              }
            }
          ]
        },
        {
          "type": "minecraft:item",
          "weight": 1,
          "quality": 0,
          "name": "minecraft:elytra",
          "functions": [
            {
              "function": "minecraft:set_damage",
              "damage": {
                "min": 0.1,
                "max": 0.5
              }
            },
            {
              "function": "minecraft:enchant_with_levels",
              "levels": {
                "min": 20,
                "max": 30
              },
              "conditions": [
                {
                  "condition": "minecraft:random_chance",
                  "chance": 0.5
                }
              ]
            }
          ]
        },
        {
          "type": "minecraft:item",
          "weight": 3,
          "name": "minecraft:netherite_ingot",
          "functions": [
            {
              "function": "minecraft:set_count",
              "count": {
                "min": 1,
                "max": 3
              }
            }
          ]
        },
        {
          "type": "minecraft:item",
          "weight": 10,
          "quality": -1,
          "name": "minecraft:diamond_ore",
          "functions": [
            {
              "function": "minecraft:set_count",
              "count": {
                "min": 1,
                "max": 3
              }
            }
          ]
        }
      ]
    }
  ]
}
