{
  "pools": [
    {
      "rolls": {
        "min": 1,
        "max": 3
      },
      "entries": [
	          {
          "type": "minecraft:item",
          "weight": 7,
          "quality": -2,
          "name": "minecraft:netherite_sword",
          "functions": [
            {
              "function": "minecraft:set_nbt",
              "tag": "{display:{Lore:['[{\"text\":\"Wither II\",\"italic\":false,\"color\":\"gray\"}]']},Enchantments:[{}],wit:2}",
              "conditions": [
                {
                  "condition": "minecraft:random_chance",
                  "chance": 0.2
                }
              ]
            },
            {
              "function": "minecraft:set_damage",
              "damage": {
                "min": 0.1,
                "max": 1
              }
            },
            {
              "function": "minecraft:enchant_with_levels",
              "levels": {
                "min": 20,
                "max": 30
              }
            }
          ]
        },
	          {
          "type": "minecraft:item",
          "weight": 4,
          "quality": 1,
          "name": "minecraft:netherite_helmet",
          "functions": [
            {
              "function": "minecraft:set_damage",
              "damage": {
                "min": 0.5,
                "max": 1
              }
            },
            {
              "function": "minecraft:enchant_with_levels",
              "levels": {
                "min": 20,
                "max": 30
              }
            }
          ]
        },
	          {
          "type": "minecraft:item",
          "weight": 4,
          "quality": 1,
          "name": "minecraft:netherite_chestplate",
          "functions": [
            {
              "function": "minecraft:set_nbt",
              "tag": "{display:{Lore:['[{\"text\":\"Fire-ring\",\"italic\":false,\"color\":\"gray\"}]']},fire:1,Enchantments:[{}]}",
              "conditions": [
                {
                  "condition": "minecraft:random_chance",
                  "chance": 0.7
                }
              ]
            },
            {
              "function": "minecraft:set_damage",
              "damage": {
                "min": 0.5,
                "max": 1
              }
            },
            {
              "function": "minecraft:enchant_with_levels",
              "levels": {
                "min": 20,
                "max": 30
              }
            }
          ]
        },
	          {
          "type": "minecraft:item",
          "weight": 4,
          "quality": 1,
          "name": "minecraft:netherite_boots",
          "functions": [
            {
              "function": "minecraft:set_damage",
              "damage": {
                "min": 0.5,
                "max": 1
              }
            },
            {
              "function": "minecraft:enchant_with_levels",
              "levels": {
                "min": 20,
                "max": 30
              }
            }
          ]
        },
	          {
          "type": "minecraft:item",
          "weight": 4,
          "quality": 1,
          "name": "minecraft:netherite_leggings",
          "functions": [
            {
              "function": "minecraft:set_nbt",
              "tag": "{display:{Lore:['[{\"text\":\"Fortress\",\"italic\":false,\"color\":\"gray\"}]']},fort:1,Enchantments:[{}]}",
              "conditions": [
                {
                  "condition": "minecraft:random_chance",
                  "chance": 0.5
                }
              ]
            },
            {
              "function": "minecraft:set_damage",
              "damage": {
                "min": 0.5,
                "max": 1
              }
            },
            {
              "function": "minecraft:enchant_with_levels",
              "levels": {
                "min": 20,
                "max": 30
              }
            }
          ]
        },
 {
          "type": "minecraft:item",
          "weight": 5,
          "quality": 1,
          "name": "minecraft:diamond_leggings",
          "functions": [
            {
              "function": "minecraft:set_attributes",
              "modifiers": [
                {
                  "attribute": "minecraft:generic.armor_toughness",
                  "name": "",
                  "amount": 4,
                  "operation": "addition",
                  "slot": "legs"
                },
                {
                  "attribute": "minecraft:generic.armor",
                  "name": "",
                  "amount": 7,
                  "operation": "addition",
                  "slot": "legs"
                }
              ],
              "conditions": [
                {
                  "condition": "minecraft:random_chance",
                  "chance": 0.2
                }
              ]
            },
            {
              "function": "minecraft:enchant_with_levels",
              "levels": {
                "min": 25,
                "max": 30
              }
            }
          ]
        },	  
 {
          "type": "minecraft:item",
          "weight": 5,
          "quality": 1,
          "name": "minecraft:diamond_helmet",
          "functions": [
            {
              "function": "minecraft:set_attributes",
              "modifiers": [
                {
                  "attribute": "minecraft:generic.armor_toughness",
                  "name": "",
                  "amount": 3,
                  "operation": "addition",
                  "slot": "head"
                },
                {
                  "attribute": "minecraft:generic.armor",
                  "name": "",
                  "amount": 4,
                  "operation": "addition",
                  "slot": "head"
                }
              ],
              "conditions": [
                {
                  "condition": "minecraft:random_chance",
                  "chance": 0.2
                }
              ]
            },
            {
              "function": "minecraft:enchant_with_levels",
              "levels": {
                "min": 25,
                "max": 30
              }
            }
          ]
        },      
	  {
          "type": "minecraft:item",
          "weight": 5,
          "quality": 1,
          "name": "minecraft:diamond_chestplate",
          "functions": [
            {
              "function": "minecraft:set_nbt",
              "tag": "{display:{Lore:['[{\"text\":\"Fire-ring\",\"italic\":false,\"color\":\"gray\"}]']},fire:1,Enchantments:[{}]}",
              "conditions": [
                {
                  "condition": "minecraft:random_chance",
                  "chance": 0.6
                }
              ]
            },
            {
              "function": "minecraft:set_attributes",
              "modifiers": [
                {
                  "attribute": "minecraft:generic.armor_toughness",
                  "name": "",
                  "amount": 3,
                  "operation": "addition",
                  "slot": "chest"
                },
                {
                  "attribute": "minecraft:generic.armor",
                  "name": "",
                  "amount": 8,
                  "operation": "addition",
                  "slot": "chest"
                }
              ],
              "conditions": [
                {
                  "condition": "minecraft:random_chance",
                  "chance": 0.2
                }
              ]
            },
            {
              "function": "minecraft:enchant_with_levels",
              "levels": {
                "min": 25,
                "max": 30
              }
            }
          ]
        },
	  
        {
          "type": "minecraft:item",
          "weight": 5,
          "quality": 1,
          "name": "minecraft:diamond_boots",
          "functions": [
            {
              "function": "minecraft:set_attributes",
              "modifiers": [
                {
                  "attribute": "minecraft:generic.armor_toughness",
                  "name": "",
                  "amount": 3,
                  "operation": "addition",
                  "slot": "feet"
                },
                {
                  "attribute": "minecraft:generic.armor",
                  "name": "",
                  "amount": 4,
                  "operation": "addition",
                  "slot": "feet"
                }
              ],
              "conditions": [
                {
                  "condition": "minecraft:random_chance",
                  "chance": 0.2
                }
              ]
            },
            {
              "function": "minecraft:enchant_with_levels",
              "levels": {
                "min": 25,
                "max": 30
              }
            }
          ]
        },
        {
          "type": "minecraft:item",
          "weight": 8,
          "quality": 1,
          "name": "minecraft:shield",
          "functions": [
            {
              "function": "minecraft:set_nbt",
              "tag": "{AttributeModifiers:[{AttributeName:\"generic.armor\",Amount:-2,Slot:offhand,Name:\"generic.armor\",UUID:[I;-121714,29747,91259,-59494]},{AttributeName:\"generic.movement_speed\",Amount:0.02,Slot:offhand,Name:\"generic.movement_speed\",UUID:[I;-121714,29847,91259,-59694]},{AttributeName:\"generic.attack_damage\",Amount:2,Slot:offhand,Name:\"generic.attack_damage\",UUID:[I;-121714,29947,91259,-59894]}],display:{Name:'[{\"text\":\"Light shield\",\"italic\":false,\"color\":\"blue\"}]'},BlockEntityTag:{Base:2,Patterns:[{Color:15,Pattern:\"glb\"}]}}"
            }
          ]
        },
        {
          "type": "minecraft:item",
          "weight": 15,
          "quality": -1,
          "name": "minecraft:iron_ingot",
          "functions": [
            {
              "function": "minecraft:set_count",
              "count": {
                "min": 1,
                "max": 5
              }
            }
          ]
        }
      ]
    }
  ]
}
