{
  "name": "kaisyn:village/troll/houses",
  "fallback": "minecraft:empty",
  "elements": [
    {
      "weight": 1,
      "element": {
        "element_type": "minecraft:legacy_single_pool_element",
        "projection": "rigid",
        "location": "kaisyn:village/troll/houses/house_1",
        "processors": "minecraft:empty"
      }
    },
    {
      "weight": 1,
      "element": {
        "element_type": "minecraft:legacy_single_pool_element",
        "projection": "rigid",
        "location": "kaisyn:village/troll/houses/house_2",
        "processors": "minecraft:empty"
      }
    },
    {
      "weight": 1,
      "element": {
        "element_type": "minecraft:legacy_single_pool_element",
        "projection": "rigid",
        "location": "kaisyn:village/troll/houses/house_3",
        "processors": "minecraft:empty"
      }
    },
    {
      "weight": 1,
      "element": {
        "element_type": "minecraft:legacy_single_pool_element",
        "projection": "rigid",
        "location": "kaisyn:village/troll/houses/house_4",
        "processors": "minecraft:empty"
      }
    },
    {
      "weight": 1,
      "element": {
        "element_type": "minecraft:legacy_single_pool_element",
        "projection": "rigid",
        "location": "kaisyn:village/troll/houses/house_5",
        "processors": "minecraft:empty"
      }
    },
    {
      "weight": 1,
      "element": {
        "element_type": "minecraft:legacy_single_pool_element",
        "projection": "rigid",
        "location": "kaisyn:village/troll/houses/house_6",
        "processors": "minecraft:empty"
      }
    },
    {
      "weight": 1,
      "element": {
        "element_type": "minecraft:legacy_single_pool_element",
        "projection": "rigid",
        "location": "kaisyn:village/troll/houses/house_7",
        "processors": "minecraft:empty"
      }
    }
  ]
}
