{
  "type": "minecraft:chest",
  "pools": [
     {
      "rolls": {
        "min": 1,
        "max": 3
      },
      "bonus_rolls": {
        "min": 1,
        "max": 3
      },
      "entries": [
        {
          "type": "minecraft:loot_table",
          "weight": 8,
          "quality": 1,
          "name": "loot:chests/junk/junk_legendary"
        },
        {
          "type": "minecraft:loot_table",
          "weight": 10,
          "quality": 1,
          "name": "loot:chests/junk/junk_high"
        },
        {
          "type": "minecraft:loot_table",
          "weight": 1,
          "quality": -1,
          "name": "loot:chests/junk/junk_low"
        },
        {
          "type": "minecraft:loot_table",
          "weight": 3,
          "quality": -1,
          "name": "loot:chests/junk/junk_med"
        }
      ],
      "conditions": [
        {
          "condition": "minecraft:entity_scores",
          "entity": "this",
          "scores": {
            "Rooms": {
              "min": 100,
			  "max": 99999999999999999999999999999999999999999999999999999999999999999999999999999999999999999999999999999999999999999999999999999999999999999999999999
            }
          }
        }
      ]
    },
     {
      "rolls": {
        "min": 1,
        "max": 3
      },
      "bonus_rolls": {
        "min": 1,
        "max": 3
      },
      "entries": [
        {
          "type": "minecraft:loot_table",
          "weight": 5,
          "quality": 2,
          "name": "loot:chests/junk/junk_legendary"
        },
        {
          "type": "minecraft:loot_table",
          "weight": 10,
          "quality": -1,
          "name": "loot:chests/junk/junk_high"
        },
        {
          "type": "minecraft:loot_table",
          "weight": 2,
          "quality": -1,
          "name": "loot:chests/junk/junk_low"
        },
        {
          "type": "minecraft:loot_table",
          "weight": 5,
          "quality": -1,
          "name": "loot:chests/junk/junk_med"
        }
      ],
      "conditions": [
        {
          "condition": "minecraft:entity_scores",
          "entity": "this",
          "scores": {
            "Rooms": {
              "min": 100,
              "max": 200
            }
          }
        }
      ]
    },
     {
      "rolls": {
        "min": 1,
        "max": 3
      },
      "bonus_rolls": {
        "min": 1,
        "max": 3
      },
      "entries": [
        {
          "type": "minecraft:loot_table",
          "weight": 3,
          "quality": 1,
          "name": "loot:chests/junk/junk_legendary"
        },
        {
          "type": "minecraft:loot_table",
          "weight": 6,
          "quality": 1,
          "name": "loot:chests/junk/junk_high"
        },
        {
          "type": "minecraft:loot_table",
          "weight": 2,
          "quality": -1,
          "name": "loot:chests/junk/junk_low"
        },
        {
          "type": "minecraft:loot_table",
          "weight": 9,
          "quality": -1,
          "name": "loot:chests/junk/junk_med"
        }
      ],
      "conditions": [
        {
          "condition": "minecraft:entity_scores",
          "entity": "this",
          "scores": {
            "Rooms": {
              "min": 60,
              "max": 100
            }
          }
        }
      ]
    },
    {
      "rolls": {
        "min": 1,
        "max": 3
      },
      "bonus_rolls": {
        "min": 1,
        "max": 5
      },
      "entries": [
        {
          "type": "minecraft:loot_table",
          "weight": 1,
          "quality": 1,
          "name": "loot:chests/junk/junk_legendary"
        },
        {
          "type": "minecraft:loot_table",
          "weight": 4,
          "quality": 1,
          "name": "loot:chests/junk/junk_high"
        },
        {
          "type": "minecraft:loot_table",
          "weight": 3,
          "quality": -1,
          "name": "loot:chests/junk/junk_low"
        },
        {
          "type": "minecraft:loot_table",
          "weight": 11,
          "quality": -1,
          "name": "loot:chests/junk/junk_med"
        }
      ],
      "conditions": [
        {
          "condition": "minecraft:entity_scores",
          "entity": "this",
          "scores": {
            "Rooms": {
              "min": 31,
              "max": 60
            }
          }
        }
      ]
    },
    {
      "rolls": 2,
      "bonus_rolls": {
        "min": 1,
        "max": 3
      },
      "entries": [
        {
          "type": "minecraft:loot_table",
          "weight": 2,
          "quality": 1,
          "name": "loot:chests/junk/junk_high"
        },
        {
          "type": "minecraft:loot_table",
          "weight": 5,
          "quality": -1,
          "name": "loot:chests/junk/junk_low"
        },
        {
          "type": "minecraft:loot_table",
          "weight": 10,
          "name": "loot:chests/junk/junk_med"
        }
      ],
      "conditions": [
        {
          "condition": "minecraft:entity_scores",
          "entity": "this",
          "scores": {
            "Rooms": {
              "min": 11,
              "max": 30
            }
          }
        }
      ]
    },
    {
      "rolls": 2,
      "bonus_rolls": 2,
      "entries": [
        {
          "type": "minecraft:loot_table",
          "weight": 2,
          "quality": 1,
          "name": "loot:chests/junk/junk_med"
        },
        {
          "type": "minecraft:loot_table",
          "weight": 10,
          "quality": -1,
          "name": "loot:chests/junk/junk_low"
        }
      ],
      "conditions": [
        {
          "condition": "minecraft:entity_scores",
          "entity": "this",
          "scores": {
            "Rooms": {
              "min": 0,
              "max": 10
            }
          }
        }
      ]
    }
  ]
}