{
  "surface_builder": "minecraft:end",
  "depth": 0,
  "scale": 0,
  "temperature": 0.8,
  "downfall": 0.4,
  "precipitation": "none",
  "temperature_modifier": "none",
  "category": "the_end",
  "player_spawn_friendly": false,
  "creature_spawn_probability": 0,
  "effects": {
    "sky_color": 6619490,
    "fog_color": 3342376,
    "water_color": 10570186,
    "water_fog_color": 4395609,
    "grass_color": 12087551,
    "foliage_color": 9323263,
    "music": {
      "sound": "minecraft:ambient.basalt_deltas.mood",
      "min_delay": 1,
      "max_delay": 50,
      "replace_current_music": false
    },
    "particle": {
      "options": {
        "type": "minecraft:portal"
      },
      "probability": 0.001
    }
  },
  "starts": [],
  "spawners": {},
  "spawn_costs": {},
  "carvers": {},
  "features": []
}
