{
  "credit": "Vanilla Additions Resource Pack by JustTimm - https://twitter.com/JT_Additions",
  "variants": {
    "facing=east,honey_level=0": {
      "y": 90,
      "model": "block/bee_nest"
    },
    "facing=east,honey_level=1": {
      "y": 90,
      "model": "block/bee_nest_front_honey_filled_01"
    },
    "facing=east,honey_level=2": {
      "y": 90,
      "model": "block/bee_nest_front_honey_filled_02"
    },
    "facing=east,honey_level=3": {
      "y": 90,
      "model": "block/bee_nest_front_honey_filled_03"
    },
    "facing=east,honey_level=4": {
      "y": 90,
      "model": "block/bee_nest_front_honey_filled_04"
    },
    "facing=east,honey_level=5": {
      "y": 90,
      "model": "block/bee_nest_honey"
    },
    "facing=north,honey_level=0": {
      "model": "block/bee_nest"
    },
    "facing=north,honey_level=1": {
      "model": "block/bee_nest_front_honey_filled_01"
    },
    "facing=north,honey_level=2": {
      "model": "block/bee_nest_front_honey_filled_02"
    },
    "facing=north,honey_level=3": {
      "model": "block/bee_nest_front_honey_filled_03"
    },
    "facing=north,honey_level=4": {
      "model": "block/bee_nest_front_honey_filled_04"
    },
    "facing=north,honey_level=5": {
      "model": "block/bee_nest_honey"
    },
    "facing=south,honey_level=0": {
      "y": 180,
      "model": "block/bee_nest"
    },
    "facing=south,honey_level=1": {
      "y": 180,
      "model": "block/bee_nest_front_honey_filled_01"
    },
    "facing=south,honey_level=2": {
      "y": 180,
      "model": "block/bee_nest_front_honey_filled_02"
    },
    "facing=south,honey_level=3": {
      "y": 180,
      "model": "block/bee_nest_front_honey_filled_03"
    },
    "facing=south,honey_level=4": {
      "y": 180,
      "model": "block/bee_nest_front_honey_filled_04"
    },
    "facing=south,honey_level=5": {
      "y": 180,
      "model": "block/bee_nest_honey"
    },
    "facing=west,honey_level=0": {
      "y": 270,
      "model": "block/bee_nest"
    },
    "facing=west,honey_level=1": {
      "y": 270,
      "model": "block/bee_nest_front_honey_filled_01"
    },
    "facing=west,honey_level=2": {
      "y": 270,
      "model": "block/bee_nest_front_honey_filled_02"
    },
    "facing=west,honey_level=3": {
      "y": 270,
      "model": "block/bee_nest_front_honey_filled_03"
    },
    "facing=west,honey_level=4": {
      "y": 270,
      "model": "block/bee_nest_front_honey_filled_04"
    },
    "facing=west,honey_level=5": {
      "y": 270,
      "model": "block/bee_nest_honey"
    }
  }
}