{
  "pools": [
    {
      "rolls": {
        "min": 1,
        "max": 2
      },
      "entries": [
	          {
          "type": "minecraft:item",
          "weight": 2,
          "quality": 1,
          "name": "minecraft:iron_leggings",
          "functions": [
            {
              "function": "minecraft:enchant_with_levels",
              "levels": {
                "min": 1,
                "max": 15
              }
            },
            {
              "function": "minecraft:set_nbt",
              "tag": "{display:{Lore:['[{\"text\":\"Fortress\",\"italic\":false,\"color\":\"gray\"}]']}}",
              "conditions": [
                {
                  "condition": "minecraft:random_chance",
                  "chance": 0.5
                }
              ]
            }
          ]
        },
        {
          "type": "minecraft:item",
          "weight": 7,
          "quality": -2,
          "name": "minecraft:emerald",
          "functions": [
            {
              "function": "minecraft:set_nbt",
              "tag": "{Unbreakable:1,AttributeModifiers:[{AttributeName:\"generic.luck\",Amount:1,Slot:offhand,Name:\"generic.luck\",UUID:[I;-121712,16291,151653,-32582]}],display:{Name:'[{\"text\":\"Lucky gem\",\"italic\":true,\"color\":\"green\",\"bold\":true}]'},Enchantments:[{id:vanishing_curse,lvl:1}]}",
              "conditions": [
                {
                  "condition": "minecraft:random_chance",
                  "chance": 0.2
                }
              ]
            }
          ]
        },
        {
          "type": "minecraft:item",
          "weight": 2,
          "quality": 5,
          "name": "minecraft:golden_apple",
          "functions": [
            {
              "function": "minecraft:set_count",
              "count": {
                "min": 1,
                "max": 2
              }
            }
          ]
        },
        {
          "type": "minecraft:item",
          "weight": 9,
          "quality": -5,
          "name": "minecraft:beetroot_seeds",
          "functions": [
            {
              "function": "minecraft:set_count",
              "count": {
                "min": 1,
                "max": 3
              }
            }
          ]
        },
        {
          "type": "minecraft:item",
          "weight": 3,
          "quality": 4,
          "name": "minecraft:book",
          "functions": [
            {
              "function": "minecraft:enchant_with_levels",
              "levels": {
                "min": 1,
                "max": 15
              }
            }
          ]
        },
        {
          "type": "minecraft:item",
          "weight": 7,
          "quality": -2,
          "name": "minecraft:dragon_breath"
        },
        {
          "type": "minecraft:item",
          "weight": 8,
          "quality": 1,
          "name": "minecraft:gold_nugget"
        },
        {
          "type": "minecraft:item",
          "weight": 4,
          "quality": 1,
          "name": "minecraft:potion",
          "functions": [
            {
              "function": "minecraft:set_nbt",
              "tag": "{CustomPotionColor:8985796,display:{Name:'[{\"text\":\"Ender \",\"italic\":false,\"color\":\"dark_purple\"},{\"text\":\"wine\",\"color\":\"#990033\"}]',Lore:['[{\"text\":\"Jucy\",\"italic\":true,\"color\":\"blue\"}]']},CustomPotionEffects:[{Id:22,Duration:200,Amplifier:1},{Id:23,Duration:1,Amplifier:1},{Id:1,Duration:200,Amplifier:1}]}"
            }
          ]
        },
        {
          "type": "minecraft:item",
          "weight": 15,
          "quality": -3,
          "name": "minecraft:warped_fungus",
          "functions": [
            {
              "function": "minecraft:set_count",
              "count": {
                "min": 1,
                "max": 4
              }
            }
          ]
        }
      ]
    }
  ]
}
