{
  "pools": [
    {
      "rolls": {
        "min": 1,
        "max": 3
      },
      "entries": [
        {
          "type": "minecraft:item",
          "weight": 8,
          "name": "minecraft:golden_carrot",
          "functions": [
            {
              "function": "minecraft:set_count",
              "count": {
                "min": 1,
                "max": 6
              }
            }
          ]
        },
	          {
          "type": "minecraft:item",
          "weight": 3,
          "name": "minecraft:lingering_potion",
          "functions": [
            {
              "function": "minecraft:set_nbt",
              "tag": "{CustomPotionColor:5377874,display:{Name:'[{\"text\":\"Blinding \",\"italic\":false,\"color\":\"light_purple\"},{\"text\":\"assault\",\"color\":\"dark_gray\"}]'},CustomPotionEffects:[{Id:15,Duration:40,Amplifier:1},{Id:2,Duration:40,Amplifier:1},{Id:18,Duration:40,Amplifier:1}]}"
            }
          ]
        },
        {
          "type": "minecraft:item",
          "weight": 7,
          "quality": 1,
          "name": "minecraft:shulker_shell",
          "functions": [
            {
              "function": "minecraft:set_count",
              "count": {
                "min": 1,
                "max": 3
              }
            }
          ]
        },
        {
          "type": "minecraft:item",
          "weight": 7,
          "quality": -2,
          "name": "minecraft:chainmail_chestplate",
          "functions": [
            {
              "function": "minecraft:set_damage",
              "damage": {
                "min": 0.01,
                "max": 0.3
              }
            },
            {
              "function": "minecraft:enchant_with_levels",
              "levels": 30
            }
          ]
        },
        {
          "type": "minecraft:item",
          "weight": 9,
          "quality": -2,
          "name": "minecraft:beetroot",
          "functions": [
            {
              "function": "minecraft:set_count",
              "count": {
                "min": 1,
                "max": 3
              }
            }
          ]
        },
        {
          "type": "minecraft:item",
          "weight": 1,
          "quality": 1,
          "name": "minecraft:enchanted_golden_apple",
          "functions": [
            {
              "function": "minecraft:set_count",
              "count": {
                "min": 1,
                "max": 3
              }
            }
          ]
        },
        {
          "type": "minecraft:item",
          "weight": 12,
          "quality": -3,
          "name": "minecraft:popped_chorus_fruit",
          "functions": [
            {
              "function": "minecraft:set_count",
              "count": {
                "min": 1,
                "max": 3
              }
            }
          ]
        },
        {
          "type": "minecraft:item",
          "weight": 2,
          "quality": 2,
          "name": "minecraft:golden_apple",
          "functions": [
            {
              "function": "minecraft:set_count",
              "count": {
                "min": 1,
                "max": 3
              }
            }
          ]
        },
        {
          "type": "minecraft:item",
          "weight": 5,
          "quality": -1,
          "name": "minecraft:gold_ingot",
          "functions": [
            {
              "function": "minecraft:set_count",
              "count": {
                "min": 1,
                "max": 3
              }
            }
          ]
        },
        {
          "type": "minecraft:item",
          "weight": 10,
          "quality": -5,
          "name": "minecraft:apple",
          "functions": [
            {
              "function": "minecraft:set_count",
              "count": {
                "min": 1,
                "max": 5
              }
            },
            {
              "function": "minecraft:set_nbt",
              "tag": "{CustomModelData:10000001,fruit:1,display:{Name:'[{\"text\":\"Ender fruit\",\"italic\":false,\"color\":\"light_purple\"}]'}}"
            }
          ]
        },
        {
          "type": "minecraft:item",
          "weight": 4,
          "quality": 2,
          "name": "minecraft:bundle"
        }
      ]
    }
  ]
}
