{
  "type": {
    "name": "minecraft:dark",
    "ultrawarm": false,
    "natural": false,
    "piglin_safe": true,
    "respawn_anchor_works": false,
    "bed_works": false,
    "has_raids": false,
    "has_skylight": false,
    "has_ceiling": false,
    "coordinate_scale": 1,
    "ambient_light": 0,
    "fixed_time": 20000,
    "logical_height": 256,
    "infiniburn": "minecraft:infiniburn_end",
    "min_y": 0,
    "height": 256
  },
  "generator": {
    "type": "minecraft:flat",
    "settings": {
      "biome": "the_dark:biome",
      "layers": [],
      "structures": {
        "structures": {}
      }
    }
  }
}
