{
	"credit": "Made with Blockbench",
	"parent": "block/leaves",
	"textures": {
		"2": "atmospheric:block/flowering_morado_leaves_bushy",
		"3": "atmospheric:block/flowering_morado_leaves_overlay_bushy",
		"all": "atmospheric:block/flowering_morado_leaves",
		"overlay": "atmospheric:block/flowering_morado_leaves_overlay"
	},
	"elements": [
		{
			"from": [0, 0, 0],
			"to": [16, 16, 16],
			"faces": {
				"north": {"uv": [0, 0, 16, 16], "texture": "#all", "cullface": "north", "tintindex": 0},
				"east": {"uv": [0, 0, 16, 16], "texture": "#all", "cullface": "east", "tintindex": 0},
				"south": {"uv": [0, 0, 16, 16], "texture": "#all", "cullface": "south", "tintindex": 0},
				"west": {"uv": [0, 0, 16, 16], "texture": "#all", "cullface": "west", "tintindex": 0},
				"up": {"uv": [0, 0, 16, 16], "texture": "#all", "cullface": "up", "tintindex": 0},
				"down": {"uv": [0, 0, 16, 16], "texture": "#all", "cullface": "down", "tintindex": 0}
			}
		},
		{
			"from": [0, 0, 0],
			"to": [16, 16, 16],
			"faces": {
				"north": {"uv": [0, 0, 16, 16], "texture": "#overlay", "cullface": "north"},
				"east": {"uv": [0, 0, 16, 16], "texture": "#overlay", "cullface": "east"},
				"south": {"uv": [0, 0, 16, 16], "texture": "#overlay", "cullface": "south"},
				"west": {"uv": [0, 0, 16, 16], "texture": "#overlay", "cullface": "west"},
				"up": {"uv": [0, 0, 16, 16], "texture": "#overlay", "cullface": "up"},
				"down": {"uv": [0, 0, 16, 16], "texture": "#overlay", "cullface": "down"}
			}
		},
		{
			"from": [14, -6, -7],
			"to": [14, 22, 25],
			"shade": false,
			"rotation": {"angle": -22.5, "axis": "y", "origin": [14.125, -8, -6.8125]},
			"faces": {
				"north": {"uv": [0, 0, 0, 0], "texture": "#2"},
				"east": {"uv": [0, 0, 16, 16], "texture": "#2", "cullface": "east", "tintindex": 0},
				"south": {"uv": [0, 0, 0, 0], "texture": "#2"},
				"west": {"uv": [0, 0, 16, 16], "texture": "#2", "cullface": "west", "tintindex": 0},
				"up": {"uv": [0, 0, 0, 0], "texture": "#2"},
				"down": {"uv": [0, 0, 0, 0], "texture": "#2"}
			}
		},
		{
			"from": [14, -6, -7],
			"to": [14, 22, 25],
			"shade": false,
			"rotation": {"angle": -22.5, "axis": "y", "origin": [14.125, -8, -6.8125]},
			"faces": {
				"north": {"uv": [0, 0, 0, 0], "texture": "#3"},
				"east": {"uv": [0, 0, 16, 16], "texture": "#3", "cullface": "east"},
				"south": {"uv": [0, 0, 0, 0], "texture": "#3"},
				"west": {"uv": [0, 0, 16, 16], "texture": "#3", "cullface": "west"},
				"up": {"uv": [0, 0, 0, 0], "texture": "#3"},
				"down": {"uv": [0, 0, 0, 0], "texture": "#3"}
			}
		},
		{
			"from": [-7, -6, 2],
			"to": [25, 22, 2],
			"shade": false,
			"rotation": {"angle": -22.5, "axis": "y", "origin": [-6.8125, -8, 1.875]},
			"faces": {
				"north": {"uv": [0, 0, 16, 16], "texture": "#2", "cullface": "north", "tintindex": 0},
				"east": {"uv": [0, 0, 0, 0], "texture": "#2"},
				"south": {"uv": [0, 0, 16, 16], "texture": "#2", "cullface": "south", "tintindex": 0},
				"west": {"uv": [0, 0, 0, 0], "texture": "#2"},
				"up": {"uv": [0, 0, 0, 0], "texture": "#2"},
				"down": {"uv": [0, 0, 0, 0], "texture": "#2"}
			}
		},
		{
			"from": [-7, -6, 2],
			"to": [25, 22, 2],
			"shade": false,
			"rotation": {"angle": -22.5, "axis": "y", "origin": [-6.8125, -8, 1.875]},
			"faces": {
				"north": {"uv": [0, 0, 16, 16], "texture": "#3", "cullface": "north"},
				"east": {"uv": [0, 0, 0, 0], "texture": "#3"},
				"south": {"uv": [0, 0, 16, 16], "texture": "#3", "cullface": "south"},
				"west": {"uv": [0, 0, 0, 0], "texture": "#3"},
				"up": {"uv": [0, 0, 0, 0], "texture": "#3"},
				"down": {"uv": [0, 0, 0, 0], "texture": "#3"}
			}
		}
	]
}