{
	"parent":"machines:machines/root",
	"display": {
		"icon": {
			"item": "minecraft:hopper",
			"nbt":"{CustomModelData:3}"
		},
		"title": {
			"text": "Chemistry or Alchemy?"
		},
		"description": {
			"text": "Construct a Mineral Compressor"
		},
		"frame": "task",
		"show_toast": true,
		"announce_to_chat": true,
		"hidden": false
	},
	"criteria": {
		"compressor": {
			"trigger": "minecraft:inventory_changed",
			"conditions": {
				"items": [
					{
						"item": "minecraft:hopper",
						"nbt":"{display:{Name:\"{\\\"italic\\\":false,\\\"text\\\":\\\"Mineral Compressor\\\"}\"}}"
					}
				]
			}
		}
	},
	"requirements": [
		[
			"compressor"
		]
	]
}