{
	"parent":"machines:machines/compressor",
	"display": {
		"icon": {
			"item": "minecraft:iron_ingot",
			"nbt":"{CustomModelData:3}"
		},
		"title": {
			"text": "As Good As It Gets"
		},
		"description": {
			"text": "Infuse a diamond with 2 iron ingots"
		},
		"frame": "task",
		"show_toast": true,
		"announce_to_chat": true,
		"hidden": false
	},
	"criteria": {
		"diamondsteel": {
			"trigger": "minecraft:inventory_changed",
			"conditions": {
				"items": [
					{
						"item": "minecraft:iron_ingot",
						"nbt":"{diamondsteel:true}"
					}
				]
			}
		}
	},
	"requirements": [
		[
			"diamondsteel"
		]
	]
}