{
	"parent":"machines:machines/ironwire",
	"display": {
		"icon": {
			"item": "minecraft:dropper",
			"nbt":"{CustomModelData:1}"
		},
		"title": {
			"text": "Digging Below Bedrock"
		},
		"description": {
			"text": "Construct a Laser Drill"
		},
		"frame": "goal",
		"show_toast": true,
		"announce_to_chat": true,
		"hidden": false
	},
	"criteria": {
		"drill": {
			"trigger": "minecraft:inventory_changed",
			"conditions": {
				"items": [
					{
						"item": "minecraft:dropper",
						"nbt":"{display:{Name:\"{\\\"italic\\\":false,\\\"color\\\":\\\"dark_red\\\",\\\"text\\\":\\\"Laser Drill\\\"}\"}}"
					}
				]
			}
		},
		"charger": {
			"trigger": "minecraft:inventory_changed",
			"conditions": {
				"items": [
					{
						"item": "minecraft:dropper",
						"nbt":"{display:{Name:\"{\\\"italic\\\":false,\\\"color\\\":\\\"dark_red\\\",\\\"text\\\":\\\"Laser Drill Arc Generator\\\"}\"}}"
					}
				]
			}
		}
	},
	"requirements": [
		[
			"drill",
			"charger"
		]
	]
}