{
	"parent":"machines:machines/root",
	"display": {
		"icon": {
			"item": "minecraft:hopper",
			"nbt":"{CustomModelData:2}"
		},
		"title": {
			"text": "Void Storage"
		},
		"description": {
			"text": "Construct a Deep Storage Unit"
		},
		"frame": "goal",
		"show_toast": true,
		"announce_to_chat": true,
		"hidden": false
	},
	"criteria": {
		"compressor": {
			"trigger": "minecraft:inventory_changed",
			"conditions": {
				"items": [
					{
						"item": "minecraft:hopper",
						"nbt":"{display:{Name:\"{\\\"italic\\\":false,\\\"text\\\":\\\"Deep Storage Unit\\\"}\"}}"
					}
				]
			}
		}
	},
	"requirements": [
		[
			"compressor"
		]
	]
}