{
	"parent":"machines:machines/compressor",
	"display": {
		"icon": {
			"item": "minecraft:iron_ingot",
			"nbt":"{CustomModelData:2}"
		},
		"title": {
			"text": "Hyperconductivity"
		},
		"description": {
			"text": "Infuse 2 gold ingots with 8 glowstone dust"
		},
		"frame": "task",
		"show_toast": true,
		"announce_to_chat": true,
		"hidden": false
	},
	"criteria": {
		"electerium": {
			"trigger": "minecraft:inventory_changed",
			"conditions": {
				"items": [
					{
						"item": "minecraft:iron_ingot",
						"nbt":"{electerium:true}"
					}
				]
			}
		}
	},
	"requirements": [
		[
			"electerium"
		]
	]
}