{
	"parent":"machines:machines/compressor",
	"display": {
		"icon": {
			"item": "minecraft:iron_ingot",
			"nbt":"{CustomModelData:1}"
		},
		"title": {
			"text": "Conductivity"
		},
		"description": {
			"text": "Infuse an iron ingot with 2 redstone dust"
		},
		"frame": "task",
		"show_toast": true,
		"announce_to_chat": true,
		"hidden": false
	},
	"criteria": {
		"ironwire": {
			"trigger": "minecraft:inventory_changed",
			"conditions": {
				"items": [
					{
						"item": "minecraft:iron_ingot",
						"nbt":"{ironwire:true}"
					}
				]
			}
		}
	},
	"requirements": [
		[
			"ironwire"
		]
	]
}